Arabic Name,English Name
الجونال,ALGONAL
انجيلات,Angilat 10 Tablets
اسبرين,ASPIRIN
انجيلات 20,Angilat 20
اسبرين الاطفال,ASPIRIN CHILDREN 100mg
اسبرين,ASPIRIN ADULT TAB 300MG
الكا-زلتسر,ALKA-SELTZER
الأسبرين,ASPIRIN EFFERVESCENT WITH VITAMIN C
ادبرين,ADIPRIN 100MG E.C.TAB
ادالات,ADALAT 60MG LA TAB
ادالات,ADALAT RETARD 20MG TABS
افالوكس,AVALOX 400MG SOLUTION FOR I.V. INFUSION
افيلوكس,AVALOX 400MG TAB
اندوسيد,INDOCID 100MG SUPPOSITORIES
الدوميت,ALDOMET 250MG TABLETS
اوبرازول,OPRAZOLE 20MG E.C.TAB
الوجيل,ALUGEL SUSP
اندومين كبسولات,INDOMIN CAP 25MG
امبوجان,IMPUGAN 10MG-ML INJ 2ML AMP
اليزول,ELYZOL VAG.PESSARIES 500MG
اليزول,ELYZOL INFUSION 5MG-ML
اروماسين,AROMASIN 25MG COATED TAB
اليزول,ELYZOL SUPP 500MG
اوفتالمولوزا,OFTALMOLOSA 0.5%
اوفتالمولوزا,OFTHALMOLOSA CUSI CHLORAMPHEN.OINT 1%
ايمبوجان,IMPUGAN TABLETS 40 MG
الكونسيرتا,CONCERTA EXTENDED RELEASE 36MG TABLET
ارانسب,ARANESP 100MCG-0.5ML PRE-FILLED SYRINGE
ارانيسب,ARANESP 10MCG-0.4ML PRE-FILLED SYRINGE
الارانسب,ARANESP 150MCG-0.3ML PRE-FILLED SYRINGE
الارانيسب,ARANESP 15MCG-0.375ML PRE-FILLED SYRINGE
ارانسب,ARANESP 20MCG-0.5ML PRE-FILLED SYRINGE
ارانيسب,ARANESP 300MCG-0.6ML PRE-FILLED SYRINGE
ارانسب 30MCG,ARANESP 30MCG-0.3ML PRE-FILLED SYRINGE
ارانيسب 60MCG,ARANESP 60MCG-0.3ML PRE-FILLED SYRINGE
ارانسب,ARANESP 80MCG-0.4ML PRE-FILLED SYRINGE
اوتوزول,OTOZOL 1% EAR DROP
ابيفرين,APIFRIN-Z EYE DROP
ابيلرج,APILLERG EYE DROPS
ادريبلاستينا,ADRIBLASTINA 10MG VIAL & SOLV
ادريبلاستين,ADRIBLASTINA 50MG VIAL & SOLV
ايمافير,IMAVIR 5% CREAM
ابيزولين,APIZOLIN 0.1% EYE DROP
اوبتيسيكلن,OPTICYCLIN 1 % OINTMENT
ابيكورت,APICORT 0.12% EYE DROPS
ابيفلوكس,APIFLOX 0.3% EYE DROPS
ابيهيست,APIHIST EYE\NOSE DROP
ابيمول,APIMOL 0.25% EYE DROPS
الديكاببتيل,DECAPEPTYL 0.1MG S.C. INJECTION
ابيسولفا,APISULFA 20% EYE DROPS
ابيكاربين,APICARPINE 2% EYE DROPS
ابيكاربين,APICARPINE 4% EYE DROPS
ايلوكس,EYLOX 0.3% EYE DROPS
ابيكورت فورت,APICORT FORTE 10MG-ML EYE SUSP.
ادرينالين,ADRENALINE 1:1000 INJ
اموكلان 1.2,AMOCLAN 1.2 GM VIAL
اموكلان,AMOCLAN 600MG VIAL
امينوفيللـــــين,AMINOPHYLLINE 250 Mg INJECTION
اموكلان,AMOCLAN 156MG-5ML SUSP
اموكلان,AMOCLAN 228MG\5ML SUSP
اموكلان,AMOCLAN 457MG\5ML SUSP
انتاغونين,ANTAGONIN 150MG TAB
اوبرازول,OPRAZOLE 40MG- VIAL I.VI INFUSION
التراسبورين,ULTRASPORIN CAP. 250 MG
اولتراسبورين,ULTRASPORIN FORTE CAP 500 MG
ايرثروميل,ERYTHROMIL FORTE 400MG-5MLSUSP.
التراسبورين,ULTRASPORIN 250MG-5ML FORTE SUSP.
اندومين,INDOMIN 100MG SUPP
ازماديل,ASMADIL SYRUP
اورفيك,ORVEK SYP 125MG-5ML
اورفيك,ORVEK-250 SYRUP(250MG-5ML)
انتاغونين,ANTAGONIN 300MG TAB
اموكلان 1,AMOCLAN 1 GM TAB
اموكلان اقراص,AMOCLAN 375 MG TAB
اموكلان فورت,AMOCLAN FORTE 625MG TAB
اسماديل,ASMADIL TABS 2MG
ارثروميل,ERYTHROMIL 250MG TAB
انديكاردين,INDICARDIN TAB 40MG
انديكاردين,INDICARDIN TAB. 10 MG.
ابو - رانتيدين,APO-RANITIDINE 150MG F.C.TAB.
ابو اميلزيد,APO-AMILZIDE
ايلوكساتين,ELOXATIN 100MG VIAL
الوكاستين,ELOXATIN 50MG VIAL
اندروجل,ANDROGEL 1% GEL
انتراغلوبين,INTRAGLOBIN 2.5G +50ML DILUENT
انتراجلوبين,INTRAGLOBIN 250MG
اينتراغلوبين,INTRAGLOBIN 500MG+DILUENT
انتراتيكت,INTRATECT 50MG-ML SOLUTION FOR INJECTION
الريتن أ,RETIN-A GEL 0.025%
ابريكس,EPREX 1000 U-0.5ML PREFILLED SYRING
ايبريكس,EPREX 10000 U -ML PREFILLED SYRING
ايبركس,EPREX 2000 U-0.5ML PREFILLED SYRING
ابريكس,EPREX 3000IU-0.3ML PREFILLED SYRINGE
الايبركس,EPREX 40000IU\ML PRE-FILLED SYRINGE
الابريكس,EPREX 4000IU-0.4ML PROFILLED SYRING
ايبركس 40000IU\ML,EPREX 40000IU\ML
الايبريكس,EPREX NEW STABILIZER 4000IU-ML VIAL
الفيرموكس,VERMOX SUSPN 2%
اتريفيكس,ETRIVEX 0.05% SHAMPOO
افودارت,AVODART 0.5MG CAPSULE
اندريول,ANDRIOL TESTOCAPS 40MG
الكايتريل,KYTRIL 3MG-3ML AMP
انفيجا,INVEGA 3MG EXTENDED- RELEASE TABLETS
انفيغا,INVEGA 6MG EXTENDED- RELEASE TABLETS
اينفيجا,INVEGA 9MG EXTENDED- RELEASE TABLETS
اوراب,ORAP FORTE TAB 4 MG
اكينيتون,AKINETON 5MG-ML AMP
اكينتون,AKINETON 2MG TAB
اكينتون,AKINETON RETD. 4MG TAB
ازوبت,AZOPT 1%
ايكونوبريد,ECONOPRED PLUS 1% OPHTHALMIC DROP
ايوبيدين,IOPIDINE 0.5% OPTH.SOLN.
ايسبوتو,ISOPTO CARPIN 2% EYE DROPS
انجيليك,ANGELIQ F-C TABLETS
امينوفيلين,AMINOPHYLLINE INJ 250MG
ابينفرين,EPINEPHRINE INJ 1:10000 ABBOJECT
ايريثروسين,ERYTHROCIN I.V. 500MG VIAL
ايروكسول,IRUXOL OINT
ايريثروسين اقراص,ERYTHROCIN PCE 333MG TAB
ايرثروسين,ERYTHROCIN TAB. 250 MG.
ايرثروسين 500,ERYTHROCIN TAB. 500MG.
اترين,ITRIN 2MG TAB
اترين اقراص,ITRIN 5MG TAB
اندروكور,ANDROCUR 50MG TAB.
املور,AMLOR 10MG CAPSULES
السينجولير,SINGULAIR PAEDIATRIC 4 MG CHEWABLE TAB
اكوليت,ACCOLATE 20 MG F.C.TAB
الكريستور,CRESTOR 20 MG FILM COATED TABLETS
اتوبوسيد ايبوي,ETOPOSID "EBEWE" 200MG VIAL
ايتوبوسيد ايبوي,ETOPOSID "EBEWE" 20MG-ML VIAL
الفياجرا,VIAGRA 25MG F.C TAB
ايتوبوسيد,ETOPOSID "EBEWE" 50 MG VIAL
اوكساليبلاتين,OXALIPLATIN 5 MG-ML VIAL
ايبيتاكسيل,EBETAXEL 6MG-ML SOLU. FOR I.V. INFUSION
الميثوتركسات,METHOTREXATE 2.5MG TAB
الاندرال,INDERAL AMPULES 1MG-ML
امبيراسين,IMPERACINE 250MG TAB
السوركويل,SEROQUEL 200 MG TAB
اليمتا,ALIMTA 500MG POWDER FOR SOLUTION FOR INFUSION
اندرال,INDERAL TABLETS 10 MG
اندرال,INDERAL TABLETS 40 MG
اندرال,INDERAL TABLETS 80 MG
ادياتين,ADIATIN TAB 200MG
الداكتون,ALDACTIDE-25 TAB
الداكتون,ALDACTONE TAB
اوس-كال,OS-CAL TAB 500MG
ايزورديل,ISORDIL SUBLINGUAL 5 MG. TAB.
اميجران,IMIGRAN 6MG-0.5ML AMP
اكتفيد,ACTIFED EXPECTORANT SYRUP
اكتيفيد,ACTIFED TAB
اندوبيولين,ENDOBULIN S\D 5% IV INFUSION
اكزاديرم,ECZADERM 0.1% W-W CREAM
اكزاديرام,ECZADERM 0.1% W-W OINTMENT
ايميجران,IMIGRAN
اسمافورت,ASMAFORT 1MG\5ML SYRUP
ادول,ADOL COLD 325MG-30MG-15MG CAPLET
ازومايسين,AZOMYCIN 250MG CAP.
اوراماكس,ORAMAX 150MG CAPSULES
الفاجان P,ALPHAGAN-P 0.15% OPHTHALMIC SOLUTION
اوفلوكس,OFLOX 0.3% EYE DROPS
اف ام ال,FML OPTH. SUSP 0.1%
التروكسين,ELTROXIN 0.05MG TAB
التروكسين,ELTROXIN 0.1MG TAB
افاميس,AVAMYS SUSPENSION FOR NASAL SPRAY
اتروبيولم,ATROPULM 500MCG-2ML SOLUTION FOR INHALATION
اتروبلم,ATROPULM 250MCG-ML SOLUTION FOR INHALATION
اتروفنت,ATROVENT 250MCG-2ML UDV (SOLUTION FOR INHALATION)
البوتوكس,BOTOX 100UNITS
ايبيفير اقراص,EPIVIR 150MG F.C TABLET
اميوران,IMURAN
اميلوك,EMILOK 20MG CAPSULES
ايموكين,IMUKIN 100MCG-0.5ML VIAL
اوكسيتتراسيكلين,OXYTETRACYCLINE OINT 3%
البيندا,ALBENDA 100MG\5ML SUSP
ازوميسين,AZOMYCIN 200MG\5ML SUSP.
ايميسيبرو,EMICIPRO 500MG F.C. TABLETS
اتروفينت,ATROVENT 0.02MG-METERED DOSE INHALER
اميمايسين,EMIMYCIN 250 MG TABLETS
اينوكسرت,ENOXIRT 0.25GM I.M VIAL
اينوكسرت,ENOXIRT 0.25GM I.V VIAL
البيندا 200 MG,ALBENDA 200 MG TAB
اميرون,AMIRONE 200MG TABLET
اقراص اسمافورت,ASMAFORT 1MGTAB
ابيكسا,EBIXA 10MG F.C. TABLETS
اقراص فلوناكسول,FLUANXOL 0.5MG TAB
اقراص سيفرول,SIFROL 0.18 MG (EQU.0.25MG) TAB
اقراص كلوبيكسول,CLOPIXOL TABS 25MG
اوكسيتين,OXETINE 20MG F.C. TABLETS
اوراجالين,ORAGALLIN COMP
انستينون,INSTENON AMP
اوميزين,OMEZYN 20MG CAPSULES
ايريسول,ERYSOL 2% TOPICAL LOTION
اكني توب,ACNE TOP 0.05% W-W CREAM
البونيفوس,BONEFOS 60MG-ML CONC.FOR PARE.INFUSION
اكنيلين,ACNELIN
اوماكور,OMACOR1000 MG SOFT GELATIN CAPSULES
ازومين,AZOMYNE 200MG\5ML POWDER FOR ORAL SUSP
ال -ثيروكس هيكسال,L- THYROX HEXAL 100MCG TABLETS
ال ثيروكس هيكسال,L- THYROX HEXAL 150MCG TABLETS
ال - ثيروكس,L- THYROX HEXAL 50MCG TABLETS
انزاتاكس,ANZATAX 6MG-ML VIAL
الميثوتريكسات,METHOTREXATE 25MG-1ML VIAL
البينسيلين,PENICILLIN G INJ 1 MILLION IU
البنسلين,PENICILLIN-G SOD 500000 IU VIAL
اميكاسين,"AMIKACIN 500MG-2ML INJ VIAL (I.V,IM)"
الدوباك,ELDOPAQUE 2% CREAM
الدوباك فورت,ELDOPAQUE FORTE 4% CREAM
الدوكين فورت,ELDOQUIN FORT 4% CREAM
ابيدرا,APIDRA 100 U- ML INJECTION CARTRIDGE
انترون اي,INTRON-A 10MN IU.VIAL
ايلوكوم,ELOCOM 0.1% OINTMENT
ادفانتان,ADVANTAN 0.1%SKIN CREAM
ادفانتان,ADVANTAN 0.1% SKIN OINTMENT
اكسوريم,XORIM 250MG POW. FOR SOLU. FOR I.V. INJ
انتيلينس,INTELENCE 100 MG TABLETS
الدوجماتيل,DOGMATIL SYP
اكسترال,XATRAL 2.5MG TAB
اكساترال,XATRAL 5MG S.R.TAB
ايفرا,EVRA TRANSDERMAL PATCHES
اكسيلون,EXELON 4.6MG-24H TRANSDERMAL PATCHES
ايكسيلون,EXELON 9.5MG-24H TRANSDERMAL PATCHES
ايموديوم,IMODIUM 2MG CAPSULE
اقراص ريلباكس,RELPAX 40MG TABLET
اجيوكيور,AGIOCUR GRANULES
اوبتيزولين,OPTIZOLIN OPTHALMIC SOLUTION
ازي ونس,AZI-ONCE
اوسيلتا,OSELTA 75MG CAPSULES
اكريتين,ACRETIN
اليكا ام,ELICA-M CREAM
اولوبات,OLOPAT 0.1% OPHTHALMIC SOLUTION
اوبتيكلور,OPTICHLOR 0.5% OPTHALMIC DROP
اوبتيفلوكس,OPTIFLOX OPTHALMIC SOLUTION
اوبتيديكس,OPTIDEX-T STERILE OPHTALMIC SUSP
اوبتيلون,OPTILONE 0.1% OPTHALMIC SUSPENTION
اوبتيبرد,OPTIPRED 1% OPTHALMIC SUSP.
استاتين,ASTATIN 20
اكنيزول,ACNEZOYL 2.5 % GEL
اليندرو,ALENDRO
اوميرال,OMERAL 10MG CAPSULES
ايفوريكس,EVOREX 20MG CAP
اتورفا,ATORVA 20MG F.C. TABLETS
اتورفا,ATORVA 80MG F.C. TABLETS
اوستيوماكس,OSTEOMAX 70 MG TABLETS
ابيكوجيل,EPICOGEL SUSPENSION
ابيلات,EPILAT 10MG CAPS
ابيكوسيللين,EPICOCILLIN VIAL 1G
ابيكوسيلين,EPICOCILLIN VIAL 500MG
اوكساليبلاتين ميداك,OXALIPLATIN MEDAC 100MG POWDER
اوكساليبلاتن,OXALIPLATIN MEDAC 150MG POWDER
اوكساليبلاتن ميداك,OXALIPLATIN MEDAC 50MG POWDER
افوكين,AVOQUIN
افورال,AVORAL
افوسين,AVOCIN
افلون افوكاين,AVALON AVOCAINE
ادولين,ADOLIN 0.1% W-W GEL
اتروبين سولفات,ATROPINE SULPHATE 0.5MG\ML AMPOULE
الترازول,ULTRAZOLE
اسيفير,ACIVIR
اوكساسين,OXACIN
ازيماك,AZIMAC
ايسوبيد,ISOBID
اكاروز,ACAROSE 100MG TABLETS
اكاروس,ACAROSE 25MG TABLETS
اكاروس اقراص,ACAROSE 50MG TABLETS
اويديماكس,OEDEMAX
اندوميثاسين,INDOMETHACIN CAPS 25MG
اوستيو ميفا,OSTEO- MEPHA 70MG F.C. TABLETS
ابوجيسيك,IBUGESIC
املودار,AMLODAR 10MG CAPSULES
انكسيتين,ANXETIN
اندوجيسك,INDOGESIC CAP 25MG
اوماثروسين,OMATHROCIN ORAL DROPS 100 MG- 2.5 ML
اومافين,OMAFEN 400 MG F.C TABLETS
ايرثرودار,ERYTHRODAR
اكترابيد,ACTRAPID NOVOLET 100 I.U
اكترابيد انسولين,ACTRAPID INSULIN HM 100 I.U.
انسولاتارد,INSULATARD HM 100 IU VIAL
انسوليتارد,INSULATARD HM 100 I.U NOVOLET
اكترابيد,ACTRAPID HM PENFILL CARTRAGE
انسولاتارد,INSULATARD HM 100 IU PENFILL
اميوريتيك,AMURETIC
ارثيرودار,ERYTHRODAR 400MG FORT TAB
اتيفان,ATIVAN TABLETS 1 MG
اتيفان,ATIVAN TABLETS 2 MG
ادفيل كولد,ADVIL COLD AND SINUS CAPLET
ادفيل للاطفال,CHILDRENS ADVIL 100MG\5ML SUSPENTION
ادفيل,ADVIL 200MG TAB
السيكلوفوسفاميد,CYCLOPHOSPHAMIDE 100MG VIAL
الديبريل,ELDEPRYL 5MG TABS
ايبانيوتين,EPANUTIN SUSP 30MG-5ML
ارتان,ARTANE 2 MG TAB
ارتان اقراص,ARTANE 5 MG TAB
ابانيوتن,EPANUTIN
افكسور,EFEXOR XR 150 MG CAPSULES
ايفكسور,EFEXOR XR 75 MG CAPSULES
انبريل,ENBREL 50MG PRE-FILLED SYRINGE
اكساناكس,XANAX TAB 0.25MG
اكزانيكس,XANAX TAB 0.5MG
اميجران,IMIGRAN 10 MG NASAL SPRAY
اميجران,IMIGRAN 20 MG NASAL SPRAY
اس او ال يو ميدرول,SOLU-MEDROL-INJ. 125 MG
ابوفيل,IBUPHIL 5% GEL
افونكس,AVONEX 30MCG LYOPHILIZED POWDER FOR INJ
ابروفيل,APROVEL 150MG TAB
ابروفل,APROVEL 300MG TAB
السيكيور,ULCICURE TAB 1 GM
اوفلاسين,OFLACIN 200MG TAB
افينتيل,AVENTYL CAPSULES 10 MG
افينتايل,AVENTYL CAPSULES 25 MG
اوتوسبورين,OTOSPORIN EAR DROPS
انتوكورت,ENTOCORT 20MCG-ML ENEMA AFTER RECONSTITU
الكويل,KWELL LOTION
السيمبالتا,CYMBALTA 60MG HARD GASTRO-RESISTANT CAP
الريفوتريل,RIVOTRIL 2.5MG-ML ORAL SOLUTION
الميتوتركسات,METHOTREXATE ROGER BELLON 500MG VIAL
ايبيفير,EPIVIR 10 MG \ ML ORAL SOLUTION
الجلوكاجون,GLUCAGON 10MG VIAL+SOLVENT
ايميوران,IMURAN 50MG VIAL
التاميفلو,TAMIFLU 12MG-ML ORAL SUSPENSION
اتاكاند 4,ATACAND 4 MG TAB
اتاكاند اقراص,ATACAND 8 MG TAB
اتاكاند بلس,ATACAND PLUS TABLET
انهيبيس اقراص,INHIBACE 2.5MG TAB
انهيبيس 5MG,INHIBACE 5MG TAB
اركوكسيا,ARCOXIA 120MG TAB
اركوكسيا 60MG,ARCOXIA 60MG TAB
ايزيترول,EZETROL
اينيجي,INEGY 20-10MG TABLETS
اينيجي اقراص,INEGY 40-10MG TABLET
انيجي,INEGY 80-10MG TABLETS
اوترينول,OTRINOL 120MG CAP
اكسيلون,EXELON 1.5 MG CAPS
ايكسيلون,EXELON 3MG CAPS
اكسيلون,EXELON 4.5 MG CAPS
اكسيلون,EXELON 6 MG CAPS
اليديل,ELIDEL 1% CREAM
استراكومب,ESTRACOMB TTS PATCHES
اكسجيد,EXJADE 125MG DISPERSIBLE TABLETS
ايكسجيد,EXJADE 250MG DISPERSIBLE TABLETS
اكسجيد اقراص,EXJADE 500MG DISPERSIBLE TABLETS
ايفيمولين,EFEMOLINE EYE DROPS 0.1%
انفيكتوفلام,INFECTOFLAM EYE DROPS
انفكتوفلام,INFECTOFLAM EYE OINT.
اقراص سيباسين,CIBACEN 20MG F.C.TAB
اكسفورج,EXFORGE 10 MG-160 MG F-C TABLETS
اكسفورج,EXFORGE 5MG-80MG F-C TABLETS
اكلاستا,ACLASTA 5MG-100ML SOLUTION FOR INFUSION
ارديا,AREDIA 15MG VIAL+SOLVENT
اريديا,AREDIA 30MG VIAL+SOLVENT
اكسيلون,EXELON 2MG-ML ORAL SOLUTION
انافرانيل,ANAFRANIL TAB 10MG
اقراص سيرتيكان,CERTICAN 0.25MG TABLETS
اسيدريكس,ESIDREX TAB. 25 MG
استراديرم,ESTRADERM MX-25
استرادرم,ESTRADERM MX-50
استراتيرا,STRATTERA 18MG CAPSULES
الريكورمون,RECORMON PFS 10000IU-0.6ML SOLU. FOR INJ
اميكين,AMIKIN AMP 100MG-2ML
اميكين امبولة,AMIKIN AMP 500MG-2ML
ايريوس,AERIUS 2.5 MG-5ML SYRUP
ايرياس,AERIUS 5MG TABLETS
اينابريل,ENAPRIL 10 MG TAB
ايفستا,EVISTA 60 MG F-C TABLETS
اوستيف,OSTEVE 35MG TABLETS
اوستيف اقراص,OSTEVE 70 MG TABLETS
اقراص سابوفين,SAPOFEN 400MG TAB
اوميز,OMIZ 10MG CAP
اوميز,OMIZ 20MG CAP
اورثوكام,ORTHOCAM 0.5% GEL
ايزيلاكس,EZILAX 10GM POWDER SACHET
ايزيلاكس,EZILAX 10G-15ML SYRUP
اورثوكام,ORTHOCAM 20 CAPS
اوراتاب,ORATAB 100MG F.C TABLETS
اوراتاب,ORATAB 100MG F.C. TABLETS
ابتول,EPTOL 100MG-5ML ORAL SUSPENSION
افولين,AVOLEN 60MG-5ML SYRUP
ايبتول,EPTOL 200 MG TAB
اوميبركس,OMEPREX 20MG CAP
املوبريس,AMLOPRESS 5MG CAPSULES
ازوماكس,AZOMAX 250MG CAPSULE
اترازول,ITRAZOL 100MG CAPSULES
اولميتك,OLMETEC 20MG F.C. TABLETS
اولميتيك,OLMETEC 40MG F.C. TABLETS
اولميتك,OLMETEC PLUS 20MG-12.5MG F.C. TABLETS
اولميتك بلس,OLMETEC PLUS 40MG-12.5MG F.C. TABLETS
اولميتك بلس,OLMETEC PLUS 40MG-25MG F.C. TABLETS
اومنك,OMNIC OCAS 0.4 MG F-C TABLETS
اومنك,OMNIC 0.4MG MODFIED RELEASE CAPSULE
اوستيودينز,OSTEODENS 70MG TABLETS
اليوتوبار,YUTOPAR 10MG TABLET
ادينوكور,ADENOCOR 6MG-2ML VIAL
البلاكوينيل,PLAQUENIL 200MG TAB
اﺑﻴﻮرول,APUROL 100MG TAB
اوربينين,ORBENIN 500MG VIAL
الليرجتين,ALLERGETIN SYRUP
ازولفين,EZOLVIN 4MG\5ML SYRUP
الفيموستون,FEMOSTON 1-5 TABLET
اينتابرو,ENTAPRO 10MG FILM COATED TABLETS
انتابرو,ENTAPRO 20MG FILM COATED TABLETS
انتابرو,ENTAPRO 5 MG FILM COATED TABLETS
اندوكسان,ENDOXAN. VIAL 500 MG
الاندوكسان,ENDOXAN. VIAL 1 GM.
ايندوكسان,ENDOXAN. VIAL 200 MG
اسيتاب,ACETAB 50 MG TABLETS
اي-بروفين,I-PROFEN 400MG TABLET
ايزوتريكس,ISOTREX GEL 0.05%
ازابرين,AZAPRIN
اي. ان. اتش,I.N.H
الكيبرا,KEPPRA 1000MG F.C.TAB
اورجالوتران,ORGALUTRAN 0.25MG\0.5ML SYRINGE
افينيتور,AFINITOR 5 MG TABLET
اسيكلين,ACICLIN 5% CREAM
انيماكورت,ENEMACORT 0.02MG-ML TABLET FOR ENEMA
ايبراماكس,IPRAMAX
امبيبلاس,AMPIPLUS 1.5GM POWDER FOR INGECTION
امبيسلين,AMPICILLIN 1GM POWDER FOR IV AND IM INJECTION
امبيسيلين,AMPICILLIN 500MG POWDER FOR IV AND IM INJECTION
الانتان,Elantan
ابريسازيد,Apresazide
الفاكورت,Alfacort
اتراكس,Atarax
اونكوفين,Oncovin
ايزوبتين,Isoptin
اتريكي,Aterkey
اوفيد,Ovide
اساكول,Asacol
ابيكروم,Apicrom
ادول,Adol
اسكاريل,Ascarel
ايتومين,Etumine
افانديا,Avandia
اكتونيل,Actonel
اميريج,Amerge
ارميديكس,Arimidex
استيلين,Astelin
ايموفيت,Eumovate
اورينيز,Orinase
افاستين,Avastin
اماريل,AMARYL
اربيتوكس,Erbitux
اينيسثيتيك,Anesthetic
انسبرا,Inspra
اميفايف,Amevive
امند,Emend
الوكسي,Aloxi
اجريلين,Agrylin
اورثو - جينيست,Ortho-Gynest
ازيليكت,Azilect
ارجازان,Irgazan
اكسيل,Ixel
افلوسولفون,Avlosulfon
ایسنترس,Isentress
ايمتريفا,Emtriva
الوميد,Alomide
ارانون,Arranon
اتريانس,Atriance
ابوكين,Apokyn
ايمسايت,Emcyt
اسكليرا,Asclera
اجارول,Agarol
امدور,Imdur
اسمو,Ismo
ايلافيل,Elavil
اميكور,Amycor
انجسيد,Angised
انتروبين,Intropin
اوفيدريل,Ovidrel
اورمازين,Ormazine
التوكور,Altocor
التوبريف,Altoprev
افنزا,Avinza
الودورم,Alodorm
ازولفيدن,Azulfidine
انتمنث,Antiminth
اولتراس,Ultrase
اوكسيفاست,Oxyfast
ابلينزين,Aplenzin
ازاسان,Azasan
اريسبت,Aricept
التاس,Altace
استابرول,Estaprol
انتيرميزو,Intermezzo
امبين,Ambien
استيبرو,Astepro
اوليبترو,Oleptro
ادروسيل,Adrucil
ايراستابكس,Erastapex
ادرياميسين,Adriamycin
ابايسيل,Apaisyl
ارترودار,Artrodar
اليميت,Elimite
اورفاتين,Orvaten
ايليجارد,Eligard
اكابيل,Acabel
اونفي,Onfi
اف- كورتين,F-Corten
الأدرينالين,الأدرينالين
الأتروبين,الأتروبين
الوبيورينول,الوبيورينول
الأمانتادين,الأمانتادين
الإِسْتروجينات المُقْتَرِنَة,الإِسْتروجينات المُقْتَرِنَة
الأسبرين,الأسبرين
البزموث,البزموث
الدوبامين,الدوبامين
الهيبارين,الهيبارين
التستوستيرون,التستوستيرون
الكوينين,الكوينين
الليثيوم,الليثيوم
النيكوتين,النيكوتين
البنسلين,البنسلين
الميفبرستون,الميفبرستون
الغلوبولين المناعي,الغلوبولين المناعي
البروجسترون,البروجسترون
اٍينفوبيرتيد,اٍينفوبيرتيد
الغلوكاغون,الغلوكاغون
الميلاتونين,الميلاتونين
العلاج بالهرمونات البديلة,العلاج بالهرمونات البديلة
بيلتريسيد,BILTRICIDE 600MG TABS
بييتا,BYETTA 250 MCG/ML PRE - FIIED PEN
بيناموكس,PENAMOX CAPS 250MG
بيناموكس كبسولات,PENAMOX CAPS 500 MG
بروقراف,PROGRAF 5MG CAPS
بروجراف,PROGRAF1MG CAPS
بيناموكس 125,PENAMOX 125MG-5ML SUSP
بيناموكس 250,PENAMOX 250MG-5ML SUSP.
بيتاكورت,BETACORT 4MG-ML AMP
بالكاسيكلين,BALKACYCLINE 250MG CAP
بيتا فال,BETAVAL CREAM 0.1%
بيتا فال,BETAVAL-N CREAM
بيتافال,BETAVAL OINT 0.1%
بيتافال ان,BETAVAL-N OINT
بلوبرس,BLOPRESS 16 MG TABLETS
بلوبريس,BLOPRESS 16 PLUS TABLETS
بلوبرس 8,BLOPRESS 8 PLUS TABLETS
بلو بريس اقراص,BLOPRESS 8MG TAB.
بيورينول,PURINOL 100 MG
بورينول 300,PURINOL 300 MG
بيترالار,PETRALAR 0.025% CREAM
بيترالار ن,PETRALAR-N CREAM
بروكتولار,PROCTOLAR CENTER SUPPOSITORY
بيتافيرون,BETAFERON 8MIU\ML VIAL
بيفيزون,PEVISONE CREAM
بيفاريل,PEVARYL SPRAY POWDER 1%
برونكوبوس,BRONCHOBOS 375 MG CAPSULES
بريزيستا,PREZISTA 300MG F.C. TABLETS
بنزاك,BENZAC AC 10% GEL
بينزاك,BENZAC AC 2.5% GEL
بوديار,BUDIAIR 200 MCG PRESSURISED INH SOLUTION
بركسين,BREXIN 20MG TABLETS
بيتوبتيك,BETOPTIC OPTHALMIC SOLUTION 0.5%
باتاداي,PATADAY 0.2% OPHTHALMIC SOLUTION
باتانول,PATANOL 0.1% OPHTHALMIC SOLUTION
بروفيسك,PROVISC 10MG-ML SYRINGE FOR I-O USE
بروفسك,PROVISC 10MG-ML SYRINGE FOR I-O USE
بريمولوت ان,PRIMOLUT-N TAB 5 MG.
بروجيلوتون,PROGYLUTON TAB
بروفيرون,PROVIRON 25 MG TAB
بنادول,PANADOL COLD & FLU CAPLET
بنادول,PANADOL SINUS CAPLET
بيبسيدين,PEPCIDIN 20MG TAB
بولي سبيكتران,POLYSPECTRAN EYE EAR DROPS
بولي سبيكتران,POLYSPECTRAN EYE & EAR OINTMENT
بروسكار,PROSCAR
بخاخ ليفوستين,LIVOSTIN NASAL SPRAY 0.5MG-ML
بيبسيدين,PEPCIDIN 40MG TAB
بولموتروبيك,PULMOTROPIC ELIXIR 4MG-5ML
بولموتروبيك,PULMOTROPIC DROPS 2MG-ML
برونيكم الكسير,BRONQUIUM ELIXIR
بوستينور,POSTINOR-2
باترميسين,BATRAMYCIN POWDER
باكتروبان,BACTROBAN OINT 2%
بيتنوفيت,BETNOVATE CREAM 0.1%
بيتنوفيت,BETNOVATE-N 0.1% CREAM
بيتاسال,BETASAL OINTMENT
بانتولوك,PANTOLOC 40MG TABLETS
بيتنوفات,BETNOVATE-C CREAM
بريد فورت,PRED FORTE OPTH. SUSP
بيسلفون,BISOLVON ELIXIR 4MG-5ML
بيسولفون,BISOLVON 8MG TABLETS
بانديرم,PANDERM CREAM
بنتازول,PANTOZOL 20MG E.C TAB
بخاخ اتروفينت,ATROVENT 500MCG-2ML UDV (SOLUTION FOR INHALATION)
بانتوزول,PANTOZOL 40MG I.V POWDER FOR INJECTION
بريموسان,PREMOSAN 10MG INJECTION
بورينيثول,PURINETHOL 50MG TAB
بانديرم,PANDERM OINT
بريموسان,PREMOSAN ORAL DROPS 4MG-ML
بارازول,PARAZOLE (MEBZOL) 100MG-5ML SUSPENSION
بيبانثين,BEPANTHEN
بيوتالين,BUTALIN SYRUP 2MG-5ML
بريموسان,PREMOSAN SYRUP 5MG-5ML
بسكوبان,BUSCOPAN TABLETS 10MG
بارازول,PARAZOLE 100MG TABLET
بيندازول,BENDAZOLE 100 MG TAB
بيفاكول,BEVACOL 135MG TABLET
بايلوميد,PYLOMID 10MG TAB
بينزال,BENZAL 25% LOTION
بريدنيزولون,PREDNISOLONE
بونيفوس,BONEFOS 400MG CAPSULS
بروهير,PROHAIR
بروسنورم,PROSNORM
بروتوجين,PROTOGYN
بيتاسيرك,BETASERC 16MG TAB
بانيوسين بودرة,BANEOCIN POWDER
برمبران,PRIMPERAN 5MG-ML 2ML-AMP.
بيج - إنترون,PEG-INTRON 100MCG\0.5ML VIAL
بيج إنترون,PEG-INTRON 120MCG\0.5ML VIAL
بيج-انترون,PEG-INTRON 150MCG\0.5ML VIAL
بيج إينترون,PEG-INTRON 50MCG\0.5MLVIAL
بيج إنترون,PEG-INTRON 80MCG\0.5ML VIAL
برمبران,PRIMPERAN DROPS 0.1MG-DROP
بريمبران,PRIMPERAN ADULT SUPP. 20MG
برمبران,PRIMPERAN CHILDREN SUPP.
بانتوفير,PANTOVER 40MG E.C. TABLETS
بيتاسيرك,BETASERC 24 MG TABLETS
بيتاسيرك,BETASERC 8 MG TAB
بزا,PZA 500 MG TAB.
بريزما,PRIZMA 4GM-0.5GM POWDER FOR I.V INFUSION
بريزما 2GM,PRIZMA 2GM/0.25GM POWDER FOR I.V. INFUSION
بروفيرا,PROVERA 5MG TAB
بريمو,BRIMO
بريسلو,PRESLO 100MG F-C TABLETS
بريسلو اقراص,PRESLO 50MG F-C TABLETS
بروماكس,PROMAX 0.05% OINTMENT
بروتوبك,PROTOPIC 0.03% OINTMENT
بروتوبيك,PROTOPIC 0.1% OINTMENT
بيوسيف,BIOCEF 250MG-5ML SUSPENSION
بريدو,PREDO 15MG-5ML SYRUP
بكتوميد,PECTOMED EXPECTORANT SYRUP
برونكلين,BRONCLYN 1.5MG-5ML SYRUP
بورجاتون,PURGATON
بريلا,PRILA 5% CREAM
بانيوسين,BANEOCIN OINTMENT
بالاد,BALAD
بريمودين,BRIMODIN
بيتاكول,BETACHOL
بيلوتينا,PILOTINA-2
بيلوتينا,PILOTINA-4
بيودينيد,BUDINIDE
بيتاجن,BETAGEN
بوناماكس,BONAMAX 35MG TABLETS
بوناماكس اقراص,BONAMAX 70MG TABLETS
بك ميرز,PK-MERZ
برومانتين,PROMANTINE SYRUP
بيتاتين,BETATEN 25MG F.C. TABLETS
بيتاتين اقراص,BETATEN 100MG F.C. TABS
بيتاتين 50MG,BETATEN 50MG F.C.TABLET
باراكلود,BARACLUDE 1MG F.C. TABLETS
بروكتوهيل,PROCTOHEAL OINT.
بروكتو هيل,PROCTOHEAL SUPPOSITORY
بيوريجون,PUREGON 100 I.U AMP + SOLV
بوريجون,PUREGON 50 I.U AMP +SOLVENT
بيوريغون,PUREGON 100IU VIAL
بوريغون,PUREGON 50IU VIAL
بلافيكس,PLAVIX 75 MG TABLET
بروستين,PROSTIN VR AMP
بانثوفيل,PANTHOPHIL 2.5% LOTION
بريستيك,PRISTIQ 50MG EXTENDED RELEASE TABLETS
بروبيل ثيويوراسيل,PROPYLTHIOURACIL 50MG TAB
بروفين,BRUFEN 400 MG TAB
بروفين 600,BRUFEN TAB 600MG
بريكانيل,BRICANYL TURBUHALER 0.5MG-DOSE
بولميكورت,PULMICORT TURBUHALER 100MCG-DOSE
بولميكورت,PULMICORT TURBUHALER 200MCG-DOSE
بلميكورت,PULMICORT METERED AEROSOL 200MCG-DOSE
بلميكورت,PULMICORT METERED AEROSOL 50MCG-DOSE
بليندل,PLENDIL 10MG S.R.TAB
بلينديل,PLENDIL 5MG S.R. TAB
بريسانيل,BRICANYL 2.5MG-ML SOLN.FOR NEBULISATION
بولميكورت,PULMICORT 0.5MG-ML (S.DOSE FOR NUB) SUSP
بلميكورت,PULMICORT0.25MG-ML SINGLE DOSE PLASTIC U
باميكود,BAMYCODE SOL.TAB
بريكانيل,BRICANYL AMP.
بيجاسيس,PEGASYS 135 MCG-0.5ML PRE-FILLED SYRINGE
بريكانيل شراب,BRICANYL SYP
بيغاسيس,PEGASYS 180 MCG-0.5ML PRE-FILLED SYRINGE
باكتريم,BACTRIM AMP 5ML I.V
باكترم,BACTRIM PED SYRUP (200+40mg-5ML)
باكتريم اقراص,BACTRIM TAB ADULT
بيزاليب,BEZALIP 200MG TABS
بيزالب,BEZALIP RETARD 400MG TABS
بونفيفا,BONVIVA 150 MG F.C. TABLETS
بروبيشيا,PROPECIA
بيرسينيد,PURSENNID TABLET
بوندرونات,BONDRONAT 2MG-2ML AMPOULE
بيبتازول,PEPTAZOLE 15MG CAPSULE
بيبتازول كبسولات,PEPTAZOLE 30MG CAPSULE
بيفاريل,PEVARYL CREAM 1%
باكتريم,BACTRIM SUSP(200+40MG-5ML)
باكتريم فورت,BACTRIM FORTE TAB
بوسبار,BUSPAR 10MG TAB
بوسبار اقراص,BUSPAR 5MG TAB
باروكسات,PAROXAT 10 MG F-C TABLETS
باروكسات,PAROXAT 20 MG F-C TABLETS
باروكسيت,PAROXAT 30MG F-C TABLETS
بروف,PROF 100MG-5ML SUSP
بروف اقراص,PROF 200 MG TAB
بيدوفكس,PEDOVEX 75MG F.C. TABLETS
بروف 400,PROF 400 MG TAB
بروف 600,PROF 600 MG TAB
بيج إنترون,PEG-INTRON 100MCG-0.5ML VIAL
بيج إنترون,PEG-INTRON 120MCG-0.5ML VIAL
بيج إنترون,PEG-INTRON 150MCG-0.5ML VIAL
بيج إنترون,PEG-INTRON 50MCG-0.5ML VIAL
بيج إنترون,PEG-INTRON 80MCG-0.5ML VIAL
بي بريتيراكس,BI PRETERAX ARGININE 5MG-1.25MG F.C. TAB
بريتيراكس,PRETERAX ARGININE 2.5MG-0.625MG F.C. TAB
بينبريتين,PENBRITIN VIAL 250 MG
بروستيد,PROSTID 5MG F-C TABLETS
بانوكسيل,PANOXYL 5 LOTION
بروميتين,PROMETIN 5MG\5ML SYRUP
بانوكسيل جل,PANOXYL 5 ACNE GEL
بانثينول,PANTHENOL
بروفيلار,PROFILAR 1MG/5ML SYRUP
بونيفيا,BONVIVA 3MG-3ML PREFILLED SYRINGES
بيوريجون كارتريدج,PUREGON 300I.U CARTRIDGE
بيوريغون كارتريدج,PUREGON 600 I.U CARTRIDGE
بريدون,PREDONE 10MG TAB
بريدون,PREDONE 20MG TAB
بيرازيناميد,PYRAZINAMIDE ANTIBIOTICE
بريماران,Premarin
بيكوناز,Beconase
بارلوديل,Parlodel
بيكتورال,pectoral
برجور,Progor
بيرسانتين,Persantin
بولارامين,Polaramine
بريغنيل,Pregnyl
برجونال,Pergonal
بوندراكس,Ponderax
برونستيل,Pronestyl
بروبلسيد,Propulsid
بروفيجيل,Provigil
بنتيل,Bentyl
برينت,prent
بيتاباس,Betapace
بيربرون,Perebron
بيافين,Biafine
بيرتوفران,Pertofrane
بروليوكين,Proleukin
بيرماكس,Permax
بيكلوفورت,Becloforte
بينادريل,Benadryl
بريمسول,Primsol
باباكون,Papacon
بافاكوت,Pavacot
باكسيل,Paxil
بروليكسين,Prolixin
بيرميتيل,Permitil
بنتوكسيل,Pentoxil
بروبان,Propan
برافاكول,Pravachol
بينيميد,Benemid
بيركولون,Percolone
بروليفت,Prolift
براندن,Prandin
باميلور,Pamelor
بينيكار,Benicar
بلاتينول,Platinol
بروميتريوم,Prometrium
بروجيست,Progest
بيدوريون,Bydureon
بيوترانس,Butrans
برواماتين,Proamatine
بنجاي,Bengay
بوسبورون,bosporon
بارابلاتين,Paraplatin
بوليدين تينكتور,Polydine tincture
بنتاسا,Pentasa
باسيتْراسين,باسيتْراسين
باكْلوفين,باكْلوفين
بوديسونيد,بوديسونيد
بوسْبيرون,بوسْبيرون
بيزافيبْرات,بيزافيبْرات
بيتاهِستين,بيتاهِستين
بيتاميثازون,بيتاميثازون
بيساكوديل,بيساكوديل
بيفونازول,بيفونازول
بنزالكونيوم,بنزالكونيوم
بنزكسول,بنزكسول
بِينْزُوات البِينْزيل,بِينْزُوات البِينْزيل
بيكلوميثازون,بيكلوميثازون
بروتيزولام,بروتيزولام
بروموكريبتين,بروموكريبتين
بابافيرين,بابافيرين
باراسيتامول,باراسيتامول
باروكسيتين,باروكسيتين
بيلوكارْبين,بيلوكارْبين
بيندولول,بيندولول
بيرانتيل,بيرانتيل
بيروكسيكام,بيروكسيكام
بَيرِيدُوسْتِيغمين,بَيرِيدُوسْتِيغمين
بنتوكسيفللين,بنتوكسيفللين
بنسلّامين,بنسلّامين
بزر القطوناء,بزر القطوناء
برافاستاتين,برافاستاتين
برازوسين,برازوسين
برازيكوانتيل,برازيكوانتيل
بريدنيزولون,بريدنيزولون
بريدنيزون,بريدنيزون
بروبنسيد,بروبنسيد
بروميثازين,بروميثازين
بروبافينون,بروبافينون
بروبوكسيفين,بروبوكسيفين
بروبيل ثيُوراسيل,بروبيل ثيُوراسيل
بروبرانولول,بروبرانولول
بروكاييناميد,بروكاييناميد
بيرفينازين,بيرفينازين
بيثيدين,بيثيدين
باكليتاكسيل,باكليتاكسيل
باميدرونات,باميدرونات
بوبروبيون,بوبروبيون
بيسوبرولول,بيسوبرولول
بيبريدين,بيبريدين
برومهيكسين,برومهيكسين
بيمولين,بيمولين
بروسيكليدين,بروسيكليدين
بريمونيدين,بريمونيدين
بيفاسيزوماب,بيفاسيزوماب
بريجابالين,بريجابالين
بورتيزوميب,بورتيزوميب
بالونوسيترون,بالونوسيترون
باليفيزوماب,باليفيزوماب
بوتينافين,بوتينافين
بيميتريكسيد,بيميتريكسيد
بودوفيلوتوكسين,بودوفيلوتوكسين
باريكالسيتول,باريكالسيتول
بيوبرينورفين,بيوبرينورفين
بيغفيلغراستيم,بيغفيلغراستيم
بيميكروليموس,بيميكروليموس
بانْتوبْرازول,بانْتوبْرازول
بيكالوتاميد,بيكالوتاميد
برومازيبام,برومازيبام
بيرمثرين,بيرمثرين
باليبيريدون,باليبيريدون
بوسنتان,بوسنتان
بينفلوريدول,بينفلوريدول
بيكابلرمين,بيكابلرمين
بنزويل بيروكسيد,بنزويل بيروكسيد
بوساكونازول,بوساكونازول
بيموزيد,بيموزيد
بيماتوبروست,بيماتوبروست
بوسرلين,بوسرلين
باروموميسين + كلوريد ميثيل البنزيثونيوم,باروموميسين + كلوريد ميثيل البنزيثونيوم
بِنزابيريل,بِنزابيريل
بيجفيسومانت,بيجفيسومانت
بيتاكسولول,بيتاكسولول
براميبكسول,براميبكسول
بيبيراسيلين,بيبيراسيلين
بوليدوكانول,بوليدوكانول
بيرازيناميد,بيرازيناميد
بريميدون,بريميدون
بيرغوليد,بيرغوليد
بوفيدون يودين,بوفيدون يودين
برينزولاميد,برينزولاميد
تامبوكور,TAMBOCOR 100MG TAB
تيكام,TEKAM 10MG-ML 10ML VIAL
توتينال,TOTINAL SYRUP 1MG-5ML
ترايفيد,TRIFED SYRUP
تريفيد,TRIFED TAB
توبراسين قطرات للعين,TOBRACIN 0.3% EYE DROPS
توبراسين,TOBRACIN 0.3% EYE OINTMENT
تحاميل سايكلوجست,CYCLOGEST 400MG PESSARIES
ترامادون,TRAMADONE 50MG-ML(100MG-2ML) AMPOULE
تيرفينيل,TERFINIL 125MG TABLETS
تيرفنيل,TERFINIL 250MG TABLETS
تاريفيد,TARIVID 200MG F-C TAB
تافينك,TAVANIC 250MG F.C TAB
تافانيك,TAVANIC 500MG F.C TAB
تاكسوتير,TAXOTERE 20MG VIAL +SOLVENT
تاكسوتر,TAXOTERE 80MG VIAL +SOLVENT
توباماكس,TOPAMAX 15MG SPRINKLE CAPSULES
توباماكس,TOPAMAX 25MG SPRINKLE CAPSULES
توباماكس,TOPAMAX 50MG SPRINKLE CAPSULES
توباماكس,TOPAMAX 100MG F.C.TAB.
توباماكس,TOPAMAX 200MG F.C.TAB.
توباماكس,TOPAMAX 25MG-TAB. F.C.TAB.
تينيا كيور,TINEACURE CREAM
تينا كيور,TINEA CURE PAINT 1%
ترامال كبسولات,TRAMAL 50 MG CAPSULE
ترامال ريتارد,TRAMAL RETARD 100MG F.C TAB
ترامال,TRAMAL 50 MG-1 ML AMPOULE
ترامال,TRAMAL 100MG SUPPOSITORIES
تيرس ناتورال,TEARS NATURALE
توبريكس,TOBREX OPTH.SOLUTION 0.3%
ترافاتان,TRAVATAN EYE DROP
توبراديكس,TOBRADEX EYE OINT
تيستوفيرون,TESTOVIRON DEPOT 250MG-1ML AMP
تيلينول,TYLENOL SUPP 100 MG
تيموبتول,TIMOPTOL DROPS
تروسوبت,TRUSOPT
تينوريتيك,TENORETIC TAB
تانيدينا,TANIDINA TAB 150MG
تايكيرب,TYKERB 250MG F.C. TABLETS
ترانديت حقن,TRANDATE INJ. 100 MG.-AMP.20ML
تراندات,TRANDATE TAB 200 MG.
ترانديت اقراص,TRANDATE TAB 100 MG.
تتراسيكلين,TETRACYCLIN 250MG CAPS
ترانديت,TRANDATE 100MG TABLET
تريزيفير,TRIZIVIR
ترايمول,TRIMOL TAB
تورفاكول,TORVACOL 10MG F.C. TABLETS
ترافاكول,TORVACOL 40MG F.C. TABLETS
تالين,TALIN 1.5MG-5ML SYRUP
تيفانيل,TEFANYL 1 MG TABLETS
ترفينيل,TERFINA CREAM
تيناديرم,TINADERM SOLUTION 1%
توبرامايسين,TOBRAMYCIN 20MG-2ML VIAL
تلفاست,TELFAST 120 MG FILM COATED TAB
تيلفاست,TELFAST 180 MG FILM COATED TAB
تافانيك,TAVANIC 5 MG -1 ML SOLUTION I.V INFUSION
تارفيد,TARIVID I.V2MG-MLSOLUTION FOR INFUSION
ترافوكورت,TRAVOCORT CREAM
ترينتال,TRENTAL TAB 400MG
تازوسين,TAZOCIN 2.25G VIAL
تيمير,TYMER 0.3% EYE DROP
ترافولون,TRAVOLONE CREAM
ترابيلين,TRABILIN 100MG AMPOULES
تيراسين,TERACIN
تاينيباسين,TAENIAPASSIN TABLETS
ترانكسين,TRANXENE 10MG CAPS
ترانكسين,TRANXENE 5MG CAPS
تازوسين 4.5GM,TAZOCIN 4.5GM VIAL + EDTA
تاميفلو,TAMIFLU 75 MG CAPSULE
تاسيجنا,TASIGNA 200MG CAPSULES
تجريتول,TEGRETOL 100 CHEW.TAB
تريليبتال,TRILEPTAL 150MG F.C TAB
تريليبتال اقراص,TRILEPTAL 300MG F.C TAB
ترليبتال,TRILEPTAL 600MG F.C TAB
تريليبتال,TRILEPTAL 60MG\ML SUSPENTION
تجراتول,TEGRETOL SUSP 2%
تيجريتول,TEGRETOL 250 MG SUPPOSITORIES
تجريتول,TEGRETOL TAB 200MG
تفرانيل,TOFRANIL 10 MG TAB
توفرانيل,TOFRANIL 25 MG 50 TAB
تراكون,TRACON 100MG CAPSULES
تابيفير,TABIVIR 100MG F-C TABLETS
تابيفير اقراص,TABIVIR 150MG F-C TABLETS
تابيفير,TABIVIR 300MG F-C TABLETS
تازولين,TAZOLINE 1GM VIAL I.M+5MLSOLV.LIDOCAINE
تراياكسون,TRIAXONE 1GM VIAL I.M+5ML SOLV.LIDOCAINE
تازولين,TAZOLINE 1GM VIAL IV+10ML WATER FOR INJ.
تراياكسون,TRIAXONE1GM VIAL I.V +10ML WATER FOR INJ
ترايبوفيد,TRIPOFED DM SYRUP
ترايبوفيد,TRIPOFED SYRUP
تاجاميت,TAGAMET TABLETS 400 MG.
تينول,TENOL 100 MG FILM COATED TABLETS
تينول اقراص,TENOL 50 MG FILM COATED TABLETS
تيجازون,Tigason
تابوسين,Tabocine
تيلاد,Tilade
تريلافون,Trilafon
تامسولين,tamsulin
تازوراك,Tazorac
تروفادا,Truvada
تارسيفا,Tarceva
تولفون,Tolvon
تابازول,Tapazole
تايسابري,Tysabri
تيمودار,Temodar
تراكلير,Tracleer
ترايسينوكس,Trisenox
تريدابتيف,Tredaptive
تريبتيزول,tryptizol
تيازاك,Tiazac
ترمبيكس,Trimpex
تيجوبين,Tegopen
تاكسول,Taxol
تيلزر,Telzir
تينداماكس,Tindamax
تايزيكا,Tyzeka
تيكوين,Tequin
توتيكت,Totect
تروفيلين,Truphylline
تيكتورنا,Tekturna
تاموكْسيفين,تاموكْسيفين
تاكْرين,تاكْرين
تولنفتات,تولنفتات
تيتراهيدروزولين,تيتراهيدروزولين
تتراسيكلين,تتراسيكلين
تيمولول,تيمولول
تيربوتالين,تيربوتالين
تِريامسينولون,تِريامسينولون
تريميثوبريم,تريميثوبريم
تريبروليدين,تريبروليدين
تيرفينادين,تيرفينادين
توبيراميت,توبيراميت
تيربينافين,تيربينافين
تاكروليموس,تاكروليموس
تامْسولوسين,تامْسولوسين
تيبولون,تيبولون
تيجاسيرود,تيجاسيرود
تادالافيل,تادالافيل
تولتيرودين,تولتيرودين
ترامادول,ترامادول
تيرازوسين,تيرازوسين
تريتينوين,تريتينوين
ترازودون,ترازودون
تراستوزوماب,تراستوزوماب
تولبوتاميد,تولبوتاميد
تيوتروبيوم بروميد,تيوتروبيوم بروميد
تازاروتين,تازاروتين
تيترابينازين,تيترابينازين
تينوفوفير,تينوفوفير
توبوتيكان,توبوتيكان
تيروثريسين/ بنزوكاين,تيروثريسين/ بنزوكاين
تينيدازول,تينيدازول
تريبتوريلين,تريبتوريلين
تيريباراتيد,تيريباراتيد
توكسين البوتولينيوم,توكسين البوتولينيوم
تروسْبيوم,تروسْبيوم
تريكْلوزان,تريكْلوزان
ترومانتادين,ترومانتادين
تيموزولوميد,تيموزولوميد
تتراكوساكتيد,تتراكوساكتيد
توبراميسين,توبراميسين
تريبروستينيل,تريبروستينيل
ترولامين,ترولامين
تيلبيفودين,تيلبيفودين
تروبيكاميد,تروبيكاميد
ترافوبروست,ترافوبروست
ثيوفار,THEOPHAR 100 MG S.R CAPSULES
ثيوفار,THEOPHAR 200 MG S.R CAPSULES
ثيوبيد,THEOPED
ثيودور,THEO-DUR TAB 200MG
ثالوميد,Thalomid
ثيروجين,Thyrogen
ثورازين,Thorazine
ثاليتون,Thalitone
ثُلاَثِيُّ نِتْراتِ الغلِيسيريل,ثُلاَثِيُّ نِتْراتِ الغلِيسيريل
ثُنائِيُّ المِيثيكون,ثُنائِيُّ المِيثيكون
ثيوفيلين,ثيوفيلين
ثيوريدازين,ثيوريدازين
ثُنائِي الميثيندين,ثُنائِي الميثيندين
ثاليدوميد,ثاليدوميد
ثيروتروبين ألفا,ثيروتروبين ألفا
ثنائي إيثيل ستيلبوستيرول,ثنائي إيثيل ستيلبوستيرول
جلوكوباي,GLUCOBAY 100MG TAB
جلوريون,GLORION 1MG TABLETS
جلوريون,GLORION 3MG TABLETS
جلوريون,GLORION 4MG TABLET
جل بنزاك,BENZAC AC 5% GEL
جاينو - بيفاريل,GYNO-PEVARYL-150 VAG. SUPPS 150MG
جاينو بيفاريل,GYNO-PEVARYL-50 VAG SUPPS 50MG
جيدكو كال سي,JEDCO CAL - C EFFERVESCENT GRANULES
جينيرا,GYNERA 21 TAB
جيمسيتابين,GEMCITABIN EBEWE 1000MG-100ML VAIL
جيمسيتابين ايبوي,GEMCITABIN EBEWE 200MG-20ML VAIL
جيمسيتابين ايبوي,GEMCITABIN EBEWE 500MG-50ML VAIL
جارداسيل,GARDASIL RECOMBINANT VACCINE
جاماجارد,GAMMAGARD S-D 0.5GM\10ML VIAL
جانفورت,GANFORT EYE DROPS
جوسبرين,JUSPRIN 300MG ENTERIC COATED TABLETS
جلوتريزين,GLOTRIZINE 5MG-5ML SYRUP
جامافيت,GAMAVATE OINTMENT 0.05%
جلمنتين,JULMENTIN 1.2GM INJ.
جليمفان,GLIMEPHAN 2MG TABLETS
جليميفان,GLIMEPHAN 3MG TABLETS
جابانت,GABANET 300MG CAPSULE
جاترون,GUTRON INJECTION 5MG-2ML
جابين,GABIN 250MG-5ML SYRUP
جوترون,GUTRON TAB 2.5 MG TAB
جينو - كوريل,GYNO-CORYL VAGINAL CREAM
جينو كوريل,GYNO-CORYL 150 MG VAGINAL OVULES
جيدكوفلوسين,JEDCOFLOCIN 200MG TABLETS
جل اكنيزول,ACNEZOYL 5% GEL
جازوفين,JAZOFEN 200 MG TAB
جرانيترون,GRANITRON 1MG-ML SOLUTION FOR INJECTION
جلوكير,GLUCARE 500MG TAB
جلوساف,GLUSAFE 3MG TABLETS
جازوفين اقراص,JAZOFEN 400MG TAB
جاستروفيت,GASTROFAIT TAB 500MG
جابنتين,GAPENTIN
جنبريد,GENPRID
جلوكوزامين,GLUCOSAMINE PLUS F-C TABLETS
جلوكاجين,GLUCAGEN 1MG VIAL+WATER FOR INJ.
جراسيال,GRACIAL TABLET
جافيسكون,GAVISCON EXTRA STRENGTH PEPPER.CHEW. TAB
جمزار,GEMZAR 200MG LYPH.VIAL 5ML
جلوكاجون,GLUCAGON 1 MG VIAL+SOLVENT 1ML
جانوفيا,JANUVIA 100MG F.C. TABLETS
جليفيك,GLIVEC 100MG CAP
جالفوس,GALVUS 50MG TABLETS
جالفوس ميت,GALVUS MET 50-1000 MG TABLETS
جليفاك,GLIVEC 100MG TABLET
جلايفيك,GLIVEC 400MG TABLET
جل بانوكسيل,PANOXYL 10 ACNE GEL
جوينت,JOINT CARE MAX CAPSULES AND TABLETS
جوتين,GOTINE 0.6MG TAB
جانوميت,JANUMET 50/1000 MG TABLET
جانوميت اقراص,JANUMET 50/850 MG TABLET
جاراميسين,Garamycin
جينوتروبين,Genotropin
جرانوسيت,Granocyte
جيفتانا,Jevtana
جابلوفين,Gablofen
جليناس,Glynase
جلوكوترول,Glucotrol
جانتوفين,Jantoven
جينجراف,Gengraf
جيودون,Geodon
جالرا,Jalra
جليبنكلاميد,جليبنكلاميد
جليبيزايد,جليبيزايد
جيمفيبروزيل,جيمفيبروزيل
جنتاميسين,جنتاميسين
جيمسيتابين,جيمسيتابين
جاتيفلوكساسين,جاتيفلوكساسين
جيمتوزوماب أوزوجاميسين,جيمتوزوماب أوزوجاميسين
حقن كلوبيكسول,CLOPIXOL INJ 10MG-ML
حقن فلوناكسول ديبوت,FLUANXOL DEPOT INJ 20MG-ML
حبوب بنتازول,PANTOZOL 40MG TAB
حبوب رازون,RAZONE 40 MG E.C TAB
حبوب جالفوس,GALVUS MET 50-850 MG TABLETS
حقن ريكورمون,RECORMON PFS 4000IU-0.3ML SOLU. FOR INJ
حقن ميركيرا,MIRCERA 200MCG-0.3ML SOLN. FOR INJ
حليب أكسيد المغنيسيوم,MILK OF MAGNESIA SUSP.
حبيبات فاسبيك,FASPIC 400MG GRANULES
حمض يورسودي كوليك,حمض يورسودي كوليك
حمض الساليسيليك,حمض الساليسيليك
حمض الفوسيديك,حمض الفوسيديك
حمض الزوليدرونيك,حمض الزوليدرونيك
حَمْضُ الترانيكْساميك,حَمْضُ الترانيكْساميك
حمض الإيباندرونيك,حمض الإيباندرونيك
حمض الهيالورونيك,حمض الهيالورونيك
ديرماسبت,DERMASEPT
دولومول,DOLOMOL 120MG SUPP
دولومول,DOLOMOL 325MG SUPP
دولومول,DOLOMOL 650MG SUPP
دولومول,DOLOMOL SYRUP 120 MG - 5 ML
دولومول,DOLOMOL 500MG TAB
ديوموزول,DUMOZOLE (ELYZOL) 1 % CREAM
ديوموزول,DUMOZOLE (ELYZOL) 25 MG - ML SUSPENSION
دوموزول,DUMOZOLE (ELYZOL) 250 MG TABLETS
دوموزول,DUMOZOLE (ELYZOL) 500 MG TABLETS
دوموليد,DUMOLID TAB. 5 MG.
دوموسيكلين,DUMOCYCLIN 250 MG CAP
ديوموسيكلين,DUMOCYCLINE EYE OINT
ديوموسيكلين,DUMOCYCLIN 1.M.VIAL
دوموسيكلين,DUMOCYCLINE 500MG INJ
دوباميت,DOPAMET 250MG TABS
ديكاببتيل,DECAPEPTYL CR 3.75MG SYRINGE
ديكابيبتيل,DECAPEPTYL DEPOT NOVUM 3.75MG VIAL+SOLVT
ديكوزال,DECOZAL 0.05% NASAL DROPS
دانسترون,DANSETRON 2MG\ML AMP. FOR I.V INJECTION
ديوسيميد,DIUSEMIDE 20MG-2ML AMP
ديوسيميد,DIUSEMIDE 40 MG TAB
دوستينكس,DOSTINEX 0.5MG TABLET
دينول,DE-NOL 120MG TABS
دوروغوسيك,DUROGESIC 12MCG-H TRASDERMAL PATCHES
دوراجيسيك,DUROGESIC TTS 100 Ug-HOUR
ديوروجيسيك,DUROGESIC TTS 25 Ug-HOUR
دوراجيسيك,DUROGESIC TTS 50 Ug-HOUR
دوروقوسيك,DUROGESIC TTS 75 Ug-HOUR
داكترين,DAKTARIN CREAM 2%
داكترين,DAKTARIN ORALGEL 2%
ديرماتين,DERMATIN 1% POWDER
ديفيرين,DIFFERIN 0.1% GEL
دموع طبيعية,TEARS NATURALE II
ديوتراف,DUOTRAV EYE DROPS
ديان,DIANE-35 TAB
دوبرجين,DOPERGIN 0.2MG TAB
ديفلوكان,DIFLUCAN 150MG CAPS
ديفلوكان,DIFLUCAN 200MG CAPS
ديفلوكان,DIFLUCAN 50MG CAPS
دايفونكس,DAIVONEX CREAM 50MCG-G
دوكسوروبيسين,DOXORUBICIN 2MG-MLVIAL
دايفوبيت,DAIVOBET OINTMENT
دايفونيكس,DAIVONEX OINT 50MCG-G
ديسبرون,DISBRON SYRUP 2MG-5ML
ديرموفيت,DERMOVATE 0.05% SCALP APPLICATION
ديكسيبان,DEXIPAN 5% CREAM
ديرموفيت,DERMOVATE OINTMENT 0.05%
دولكولاكس,DULCOLAX 5MG ENTERIC COATED TAB
ديالون,DIALON 1000MG F.C. TABLETS
ديباكين,DEPAKINE 400MG-4ML POWDER FOR INJECTION
دوروفين,DOROFEN 500-50 MG CAPSULE
دوبانور,DOPANORE TAB 250 MG.
ديكــــســانــول,DEXANOL CREAM 30 GM
دروف,DROF 2% SHAMPOO
ديفاجوير,DEFAJOUR 5MG-5ML SYRUP
ديفولاكس,DEFOLAX 65GM-100ML SYRUP
ديفوراكس,DEFORAX 5% CREAM
دوبيوجيكت,DOBUJECT 50MG-ML(250MG-5ML) AMPOULE
ديفلات,DEFLAT
ديرما-كوريل,DERMA-CORYL 1% CREAM
دي جيل,DI-GEL TABLETS
دلاسين - سي,DALACIN C 300MG CAPS
ديتروسيتال,DETRUSITOL RETARD 2 MG CAPSULES
ديتروسيتول,DETRUSITOL RETARD 4 MG CAPSULES
دوجماتيل,DOGMATIL CAPS 50MG
دوبوتامن,DOBUTAMINE HCL 250MG-20ML VIAL
ديبرولين,DIPROLENE CREAM
ديتروسيتول,DETRUSITOL 2MG FC TAB
دوغماتيل,DOGMATIL AMP 100MG
دوسباتالين,DUSPATALIN 200MG PROLONGED RELEASE CAPS
ديسلور,DESLOR 5 MG FILM COATED TABLET
دوجماتيل فورت,DOGMATIL FORT TAB 200MG
داكاترين,DAKTARIN POWDER 2%
ديكسافلوكس,DEXAFLOX OPHTHALMIC SUSPENSION
ديرفينا,DERFINA 1% LOTION
ديرفنا,DERFINA 1% SPRAY
دوسبامين,DUSPAMEN 135MG TAB
ديكساميثازون,DISPERCAM GEL 0.5%
ديكساميثازون,DISPERCAM 20MG-ML AMP.FOR I-M USE
ديسبرين,DISPRIN
ديرمولار,DERMOLAR
ديرمولار ن,DERMOLAR-N
دواء باراكلود,BARACLUDE 0.5MG F.C. TABLETS
دياموكس,DIAMOX 250MG TAB.
دياموكس ساستيتس,DIAMOX SUSTETS 500 MG
دياموكس,DIAMOX VIALS 500 MG
دلاسين - تي,DALACIN T TOPICAL SOLN 1%
ديباكين,DEPAKINE 200MG-ML SOLU.
ديبو بروفيرا,DEPO-PROVERA VIAL I-M 150MG-ML
ديبو ميدرول,DEPO MEDROL VIAL 40MG-ML SAS
دلاسين,DALACIN VAGINAL CREAM 2%
ديباكين,DEPAKINE 57.64MG-ML SYRUP
دباكين,DEPAKINE 200MG TABS
دباكين,DEPAKINE 500MG TABS
دياموكس اقراص,DIAMOX TAB 125MG
دوبيوتريكس,DOBUTREX 250 MG VIAL
دينتوينا,DINTOINA TAB 100MG
ديتيسين,DETICENE 100MG I.V VIAL+SOLV 10ML AMP
ديتيسين,DETICENE 200MG I.V VIAL
ديلاتريند,DILATREND 25MG TABLET
ديلاتريند اقراص,DILATREND 6.25 MG TABLET
ديوفان,DIOVAN 40MG F.C. TABLETS
ديوفان,DIOVAN 80MG TAB
دواء ستراتيرا,STRATTERA 40MG CAPSULES
دوسباتالين,DUSPATALIN 135MGTAB
ديسباميت,DYSPAMET SUSP 200MG-5ML
دوفاستون,DUPHASTON 10 MG TAB
دايلانيل,DILANYL SYRUP
دولوراز,DOLORAZ 100MG-5ML SUSPENSION
درولات,DROLATE 70 MG FILM COATED TABLETS
ديكونجيستيل,DECONGESTYL
داونيل,Daonil
دانول,Danol
دومبي,Dompy
دوبامين هيدروكلوريد,Dopamine HCL
دوكسين,Doxine
دوكسيدار,Doxydar
دوكسيسين,Doxycin
درامامين,Dramamine
دينتينوكس,Dentinox
ديكسازون,Dexasone
ديابينيز,Diabinese
دوفلاك,Duphalac
ديروكسات,deroxat
دبنزلين,DibenzyLine
ديابين,Diaben
دوزيل,DOZYL
ديتروبان,Ditropan
ديسيريل,Desyrel
دوكسيرجان,Doxergan
ديرماكول,Dermacol
دولوفين,Dolophine
ديستيلبين,Distilbene
ديابيتا,Diabeta
ديبونيت,Deponit
دانوكرين,Danocrine
ديجيتك,Digitek
درمينات,Driminate
ديلسيم,Delsym
ديوريل,Diuril
ديمور,Dimor
ديازولين,Diazolin
ديناسين,Dynacin
ديبين,Depen
دارفون,Darvon
دولوزال,Dolosal
دينزابين,Denzapine
دورميكس,Dormex
ديترول,Detrol
ديبينت,Dibent
دروكسيا,Droxia
ديسوين,Desowen
ديلونيد,Delonide
ديسيتين,DESITIN®
ديكادرون,DECADRON
دواء الأنسولين,دواء الأنسولين
دانازول,دانازول
دومبيريدون,دومبيريدون
دوكسازوسين,دوكسازوسين
دوكسيسايكلين,دوكسيسايكلين
دُوكسِيبِين,دُوكسِيبِين
دِيازيبام,دِيازيبام
ديجوكْسين,ديجوكْسين
ديسوبيراميد,ديسوبيراميد
دِيلتِيازِيم,دِيلتِيازِيم
ديمينهيدرينات,ديمينهيدرينات
ديبيرون,ديبيرون
ديبيريدامول,ديبيريدامول
دايفينهيدرامين,دايفينهيدرامين
ديفينوكسيلات,ديفينوكسيلات
ديكْلوفيناك,ديكْلوفيناك
ديثرانول,ديثرانول
ديكساميثازون,ديكساميثازون
ديكستروميثورفان,ديكستروميثورفان
ديكسكلورفينيرامين,ديكسكلورفينيرامين
ديدانوزين,ديدانوزين
دونيبيزيل,دونيبيزيل
دوسيتاكسِل,دوسيتاكسِل
دوتاستيريد,دوتاستيريد
ديسلوراتادين,ديسلوراتادين
دولوكستين,دولوكستين
داكاربازين,داكاربازين
داربيبوئيتين ألفا,داربيبوئيتين ألفا
دوكسوروبيسين,دوكسوروبيسين
دروسبيرينون,دروسبيرينون
ديفلوكورتولون,ديفلوكورتولون
ديزوغيسترِل,ديزوغيسترِل
ديدروجسترون,ديدروجسترون
ديكْسبانْثينول,ديكْسبانْثينول
دياسيرين,دياسيرين
دورزولاميد,دورزولاميد
ديسيكلومين,ديسيكلومين
دابسون,دابسون
دارونافير,دارونافير
ديسموبريسين,ديسموبريسين
داساتينيب,داساتينيب
دِيسِيبرامِين,دِيسِيبرامِين
ديزونيد,ديزونيد
ديكسرازوكسان,ديكسرازوكسان
ديفيراسيروكس,ديفيراسيروكس
دوبوتامين,دوبوتامين
دوكسيلامين,دوكسيلامين
درونيدارون,درونيدارون
ديفيريبرون,ديفيريبرون
ريبافين,RIBAVIN 200 MG CAPSULES
ريزوشين,RESOCHIN TAB 250MG
ريستامين,RESTAMINE 5 MG -5 ML SYRUP
ريستامين اقراص,RESTAMINE 10 MG TABLET
ريثينيت,RYTHINATE SUSP. 200MG-5ML
ريفانين,REVANIN SUSP 125MG-5ML
ريفانين,REVANIN 125MG SUPP FOR INFANTS
ريفاكود,REVACOD
روكسيسيف,ROXCEF 1GM I.V INJECTION
روليد,RULID 150MG TAB
ريتن أ,RETIN-A CREAM 0.05%
ريمينيل,REMINYL 12MG TABLET
ريمينيل اقراص,REMINYL 4MG TABLET
ريمنيل,REMINYL 8MG TABLET
ريمينيل 4,REMINYL 4 MG - ML ORAL SOLUTION
ريسبيردال,RISPERDAL 1MG-ML SOLUTION
ريسبردال,RISPERDAL CONSTA 25MG I.M VIAL
ريسبردال كونستا,RISPERDAL CONSTA 37.5 MG I.M VIAL
رزبريدال,RISPERDAL CONSTA 50MG I.M VIAL
ريسبردال,RISPERDAL 2MG TAB
روتاتك,ROTATEQ ORAL VACCINE
ريزولف,RESOLVE TINEA 2%CREAM
رينيتك,RENITEC
ريجلون,REGULON
ريناجيل,RENAGEL 800MG F.C.TABLET
ريسيك,RISEK 10MG CAP
ريسيك,RISEK 20 MG CAPS
ريليستات,RELESTAT 0.05% EYE DROPS
رانتاج,RANTAG 150MG TAB
ريكوسيف,RECOCEF 250MG CAP
ريكوسيف كبسولات,RECOCEF 500MG CAP
روثاسين كبسولات,ROTHACIN CAPS 25 MG
ريلينزا,RELENZA 5MG POWDER FOR INHALATION
ريكوسيف,RECOCEF 125 MG-5ML ORAL SUSPENSION
ريكوسيف,RECOCEF 250 MG-5ML ORAL SUSPENSION
روثاسين,ROTHACIN 100MG SUPPOSITORIES
روماك,ROMAC 150MG F.C. TABLETS
روماك اقراص,ROMAC 300MG F.C. TABLETS
رازون,RAZON 20 MG E.C. TABLET
رانيدين,RANIDINE 300 MG TAB
ريسيدون,RISIDONE 1MG/1ML ORAL SOLUTION
ريناتيول,RHINATHIOL CAPS 375MG
ريفادين,RIFADIN CAP 150 MG
ريفادين,RIFADIN CAP 300 MG
ريماكتان,RIMACTANE 150 MG CAP.
ريماكتين,RIMACTANE 300 MG CAP.
ريتاربن,RETARPEN 1.2MEGA U.WITH SOLVENT
ريتاربن,RETARPEN 2.4MEGA U. VIAL+SOLVENT
ريتاربن,RETARPEN 600000U+ SOLVENT VIAL
ريميكاد,REMICADE 100MG VIAL FOR INJ
ريناتيول,RHINATHIOL PLUS
ريناثيول,RHINATHIOL SYRUP 20MG-ML CHILDREN
ريناتيول,RHINATHIOL SYRUP ADULT 5OMG-ML
ريفيناه,RIFINAH TAB 150MG
ريماكتازيد,RIMACTAZID 300MG TAB.
ريلباكس,RELPAX 20MG TABLET
راينوفد,RINOFED EXPECTORANT SYRUP 100 ML
راينوفد شراب,RINOFED PLUS SYRUP
راينوفيد,RINOFED SYRUP
راينوفد بلس,RINOFED PLUS TAB
ريابروفين اف ام,RIAPROFEN FM
رهينوفرين,RHINOFRIN
ريالاك,RIALAC LIQUID
رياكسين,RIAXINE
ريابروفين,RIAPROFEN
ريافيرين,RIAVIRIN
رياتيبفين,RIATEBIFINE
ريانست,RIANEST
رياتيبيفين,RIATEBIFINE 1% TOPICAL SOLUTION
رياكول,RIACHOL EYE OINT.1%
ريازولين,RIAZOLIN
رياكيتاميد,RIACETAMIDE
رياسيتاميد,RIACETAMIDE -20
رياكول قطرة عيون,RIACHOL 0.5% EYE DROP
رياكول,RIACHOL 5% EAR DROPS
ريالول,RIALOL
رياتروبين,RIATROPINE 0.5%
رياتروبين 1%,RIATROPINE 1%
رياسيرتال,RIASERTAL
رياض فورمين,RIYADHFORMIN
رياكافيلول,RIACAVILOL 12.5 MG TAB
رياكافيلول اقراص,RIACAVILOL 25MG TABLET
رياسافيلول,RIACAVILOL 6.25 MG TABLET
ريفامبيسين,RIAFAMPICIN
روكساميد,ROXAMED
ريميرون,REMERON 30MG TAB
راباميون,RAPAMUNE 1 MG COATED TABLETS
ريجين,REGAINE 5% TOPICAL SOLUTION
روجين,REGAINE TOPICAL SOLN 2%
روجين,REGAINE TOPICAL GEL 2%
راملاك,RAMLAC 67GM-100ML SYRUP
ريني,RENNIE TAB
ريفوتريل,RIVOTRIL AMP 1MG+SOLV 1ML
ريفوتريل,RIVOTRIL TAB 0.5MG
ريفوتريل,RIVOTRIL TAB 2 MG
رينوكورت,RHINOCORT AQUA 64MCG NASAL SPRAY
رينوكورت,RHINOCORT AQUA NASAL SPRAY WITH PUMP
رينوكورت,RHINOCORT NASAL AEROSOL 50MCG-DOSE
روتا ريكس,ROTARIX ORAL VACCINE
روفيرون ا,ROFERON-A 3MIU-0.5 ML
روفيرون اي,ROFERON-A 4.5MIU-0.5ML
روفيرون الف,ROFERON-A 9MIU-0.5ML
روفرون ا,ROFERON-A 18MN.IU VIAL
ريتالين,RITALIN TAB. 10MG
ريكورمون,RECORMON PFS 20000IU-0.6ML SOLU. FOR INJ
ريكورمون بي اف اس,RECORMON PFS 30000IU-0.6ML SOLU. FOR INJ
ريكورمون,RECORMON PFS 3000IU-0.3ML SOLU. FOR INJ
ريكورمون حقن,RECORMON PFS 6000IU-0.3ML SOLU. FOR INJ
ريفاسين,RIFACIN 300 MG CAPS
ريبيف,REBIF 22 MCG PRE-FILLED SYRINGE
ربيف,REBIF 44 MCG PRE-FILLED SYRINGE
ريكويب,REQUIP 1MG TAB
ريكيوب,REQUIP 2MG TAB
ريكويب اقراص,REQUIP 5MG TAB
ريكويب,REQUIP0.25MG TAB
ريدون,RIDON 1 MG FILM COATED TABLETS
ريدون,RIDON 6 MG FILM COATED TABLETS
ريمينيل 8,REMINYL 8 MG PROLONGED RELEASE CAPSULE
ريمينيل كبسولات,REMINYL 16 MG PROLONGED RELEASE CAPSULE
ريمانيل,REMINYL 24 MG PROLONGED RELEASE CAPSULE
راسيليز,RASILEZ HCT 150/25MG FILM COATED TABLET
راسيلز,RASILEZ HCT 300/25MG FILM COATED TABLET
راسيليز اتش سي ال,RASILEZ HCT 300/12.5MG FILM COATED TABLET
راميبريل,RAMIPRIL HEXAL 2.5MG FILM COATED TABLETS
راميبريل هيكسال,RAMIPRIL HEXAL 5MG FILM COATED TABLETS
راميبريل هيكسال,RAMIPRIL HEXAL 10MG FILM COATED TABLETS
رادورا,Ridaura
روفيناك,Rofenac
ريتروفير,Retrovir
رواسا,Rowasa
ريتمونورم,Rytmonorm
ريداكت,Redact
ريلافين,Relafen
رابتيفا,Raptiva
ريلوتيك,Rilutek
ريفيا,Revia
ريفليميد,Revlimid
ريمودولين,Remodulin
ريجرانيكس,Regranex
رياتاز,Reyataz
روهيبنول,Rohypnol
روبيتوسين,Robitussin
ريزين,Rezine
ريجونول,Regonol
رينديكون,Rhindecon
ريثمول,Rythmol
ريفاتيو,Revatio
روكسيكودون,Roxicodone
ريتوكسان,Rituxan
رازادين,Razadyne
ريغورين,Regurin
رينفيلا,Renvela
رانيتيدين,رانيتيدين
روكسيثرومايسين,روكسيثرومايسين
ريتودرين,ريتودرين
ريسبيريدون,ريسبيريدون
ريفامبيسين,ريفامبيسين
روفيكوكسيب,روفيكوكسيب
ريتونافير,ريتونافير
روزيغليتازون,روزيغليتازون
ريبوكستين,ريبوكستين
ريزاتريبتان,ريزاتريبتان
راميبريل,راميبريل
ريباغلينيد,ريباغلينيد
رالوكسيفين,رالوكسيفين
ريسيدرونات,ريسيدرونات
ريفاستيجمين,ريفاستيجمين
روزوفاستاتين,روزوفاستاتين
روبينيرول,روبينيرول
ريلوزول,ريلوزول
ريتوكسيماب,ريتوكسيماب
ريبافيرين,ريبافيرين
ريمونابانت,ريمونابانت
رسيجيلين,رسيجيلين
رانيبيزوماب,رانيبيزوماب
رالتيجرافير,رالتيجرافير
ريفاروكسابان,ريفاروكسابان
ريفابوتين,ريفابوتين
زوسين كبسولات,ZOCIN 250MG CAPSULE
زيميترون,ZEMITRON 4MG F-C TABLET
زيميترون اقراص,ZEMITRON 8MG F-C TABLET
زوسين,ZOCIN 200MG-5ML POW. FOR ORAL SUSPENSION
زيروكس اقراص,ZEROX 500MG F.C. TABLETS
زيروكس,ZEROX 200MG-5ML POWDER FOR ORAL SUSP.
زوفران ميلت,ZOFRAN MELT 4MG ORAL LYOPHILISATE TABLET
زوفران ملت,ZOFRAN MELT 8MG ORAL LYOPHILISATE TABLET
زيثروماكس كبسولات,ZITHROMAX 250MG CAPS
زاميول,XAMIOL GEL
زيثروماكس,ZITHROMAX 200MG-5ML SUSP.AFTER RECONSTIT
زيثرو ماكس,ZITHROMAX SD 2GM POWDER FOR SUSPENSION
زيستوريتك,ZESTORETIC 20 TAB
زيستريل,ZESTRIL 10MG TAB
زيستريل اقراص,ZESTRIL 20MG TAB
زيستريل,ZESTRIL 5MG TAB
زوكور,ZOCOR 10MG TAB
زوكور,ZOCOR 20MG TAB
زوكور,ZOCOR 40MG TAB
زالديار,ZALDIAR 37.5-325MG F-C TABLETS
زانتاك,ZANTAC
زانتاك,ZANTAC EFFERVESCENT TAB
زينات,ZINNAT
زيلولين,XYLOLIN 0.1% ADULT NASAL SPRAY
زيناسيف,ZINACEF
زيمار,ZYMAR 0.3% OPHTHALMIC SOLUTION
زفران,ZOFRAN
زوفيراكس,ZOVIRAX
زيلوريك,ZYLORIC
زيبان,ZYBAN 150MG TABLET
زفيكس,ZEFFIX
زياجين 300,ZIAGEN 300MG TAB
زينوفيت,ZYNOVATE 0.1% CREAM
زوريل,ZORIL 10MG FILM COATED TABLETS
زوريل 20MG,ZORIL 20MG FILM COATED TABLETS
زوريل,ZORIL 5MG FILM COATED TABLETS
زيفو 8,XEFO 8MG POWDER FOR INJECTION
زيفو,XEFO 8MG TAB
زايداك,ZYDAC 150MG TABLET
زولا,XOLA OPTHALMIC SOLUTION
زوتريم,ZOTRIM SUSP.
زوتريم فورت,ZOTRIM FORTE TAB.
زولبجن,ZOLPIGEN
زيرتازين,ZERTAZINE
زيلومت,XYLOMET
زيلوميت بايد,XYLOMET PAED
زيلو ميفا,XYLO-MEPHA 0.05% NASAL SPRAY
زيبركسا,ZYPREXA 10MG POWDER FOR INJECTION
زالاتان,XALATAN 50MCG\ML EYE DROP
زاناكس,XANAX 1MG TAB
زوفران,ZOFRAN
زوفران حقن,ZOFRAN 2MG\ML INJECTION
زيبريكسا,ZYPREXA 10MG F.C.TAB
زوميدور,ZOMIDOR 2% EYE DROPS
زينيكال,XENICAL 120MG CAPSULE
زيفكس,ZEFFIX 5MG\ML ORAL SOLUTION
زياجين,ZIAGEN 20MG\ML ORAL SOLUTION
زوفيراكس,ZOVIRAX 250MG IV INFUSION
زيلودا,XELODA 500MG TABLET
زوميتا,ZOMETA 4MG VIAL\5ML
زولير,XOLAIR 150MG POWDER FOR INJECTION
زاديتين,ZADITEN SYRUP 1MG-5ML
زيماكس,ZIMAX 250MG CAP.
زيماكس,ZIMAX 500MG F.C. TABLETS
زايبركسا,ZYPREXA 5MG COATED TABLETS
زيماكس,ZIMAX 200MG\5ML SUSP
زيترون,ZETRON 250 MG CAPSULE
زيتا,ZETA 20MG-GM CREAM
زيترون,ZETRON 200MG\5ML POWDER FOR SUSP
زيماكس,ZIMAX 250MG F.C. TABLETS
زيرتك,ZYRTEC 0.1% ORAL SOLN.
زيراكتان,XERACTAN 10 MG SOFT GELATIN CAPSULE
زيركتان,XERACTAN 20 MG SOFT GELATIN CAPSULE
زيبادهيرا,ZYPADHERA 210MG POWDER FOR SOLUTION FOR I.M. INJECTION
زبادهيرا,ZYPADHERA 300MG POWDER FOR SOLUTION FOR I.M. INJECTION
زيبادهيرا حقن,ZYPADHERA 405MG POWDER FOR SOLUTION FOR I.M. INJECTION
زيثروماكس,ZITHROMAX 500 MG POWDER FOR IV INFUSION
زيلاكس,ZELAX 20MG FILM COATED CAPLET
زيلاكس,ZELAX 10MG FILM COATED CAPLET
زولادكس,Zoladex
زيميز,Zymase
زوميج,Zomig
زيلنورم,Zelnorm
زلماك,Zelmac
زيلدوكس,Zeldox
زيفوكس,Zyvox
زيمولتي,Zimulti
زيمبلار,ZempLar
زيتانيكس,Zytanix
زينيكارد,Zinecard
زارونتين,Zarontin
زيبسور,Zipsor
زابونيكس,Zaponex
زيلابار,Zelapar
زيبيتا,Zebeta
زيتيا,Zetia
زولبيمست,Zolpimist
زوليستان,Zolistan
زينازين,Xenazine
زيكلارا,Zyclara
زانتريل,Zantryl
زورتريس,Zortress
زينوس,Zenos
زيدوفودين,زيدوفودين
زاناميفير,زاناميفير
زولميتريبتان,زولميتريبتان
زوبيكلون,زوبيكلون
زولبيديم,زولبيديم
زيبراسيدون,زيبراسيدون
زيلوميتازولين,زيلوميتازولين
زافيرْلوكاست,زافيرْلوكاست
زوكلوبينثيكسول,زوكلوبينثيكسول
سالازوبايرين,SALAZOPYRIN-EN TAB 500MG
سيبروباي,CIPROBAY 750MG TAB
سينمينت,SINEMENT 25-250MG TABLETS
ستيوس,CITIUS TAB 200MG
سوبراكس,SUPRAX 200 CAPS
سوبراكس 400,SUPRAX 400 CAPS
سيبرولون,CIPROLON 250MG F.C. TABLETS
سيبرولون,CIPROLON 500MG F.C. TABLETS
سيبرولون,CIPROLON 750MG F.C. TABLETS
سولوتك,SOLOTIK 100MG F-C TABLETS
سولوتيك,SOLOTIK 50MG F-C TABLETS
سوبراكس 100,SUPRAX 100 SUSP
سيكلوجست,CYCLOGEST 200MG PESSARIES
سيفاميزين,CEFAMEZIN 1GM VIAL I.V
سيفاميزين,CEFAMEZIN 250MG INJ IM-IV
سيفاميزين,CEFAMEZIN 500MG INJ IM-IV
سالامول,SALAMOL CFC-FREE 100MCG INHALER
سالامول,SALAMOL EASI-BREATH CFC-FREE 100MCG
ساميكسون,SAMIXON 1GM VIAL
سيبرولون,CIPROLON 200 VIAL 100ML
سباسموبان,SPASMOPAN 20MG AMP
سباسموبان,SPASMOPAN 10MG TAB
سوبراكس,SUPRAX D 400MG TABLET
سيلست,CILEST TAB
سيفامول,CEVAMOL 400 - 250MG EFFERVESCENT TAB
سيلسن,SELSUN SHAMPOO
سيلوكسان,CILOXAN 0.3% EYE DROPS
سيناجيس,SYNAGIS 100MG\ML I.M VIAL
ستريبتاز,STREPTAS 250000I.U VIAL
ستريبتاس,STREPTAS 750000I.U VIAL
سباسميكس,SPASMEX 30MG FILM COATED TABLET
سولبادين,SOLPADEINE SOLUBLE TAB
سينجولير,SINGULAIR
سيتافليكس,CETAVLEX CREAM 0.5%W-W
سيداكرون,SEDACORON 150 MG- 3ML AMPOULES
سيروكويل,SEROQUEL 300MG F-C TABS
سيسبالتين,CISPLATIN 0.5MG-ML INJ.
سيداكورون,SEDACORON 200MG TAB
سيروكويل,SEROQUEL STARTER PACK 10 TABLETS
سيروكويل,SEROQUEL 100 MG TAB
سوركويل,SEROQUEL 25 MG TAB
سيليبركس,CELEBREX
سيريتايد,SERETIDE DISKUS 50\100MCG
سيريتايد ديسكيس,SERETIDE DISKUS 50\250 MCG
سيريتايد ديسكوس,SERETIDE DISKUS 50\500 MCG
سيبوركس,CEPOREX DROPS 125MG-1.25ML
سيريتايد,SERETIDE EVOHALER
سيريتايد,SERETIDE EVOHALER
سالينال,SALINAL 42MG CHEWABLE TAB
سالينال,SALINAL 41.2MG-ML ORAL DROPS
سيترالون,CETRALON 5MG-5ML SYRUP
سوفلاكس,SOFLAX SOLUTION
سولان,SOOLAN SYRUP 100 ML
سيترالون,CETRALON 10 MG TAB
سيفرن,CEFRIN 250MG CAPS
سبيريفا,SPIRIVA 18MCG HARD CAPSULE
سالورين,SALURIN 20MG-2ML AMPOULES
سكوبينال,SCOPINAL 20MG AMPOULE
سيتروتايد,CETROTIDE 0.25MG POW. FOR SOLU. FOR INJ.
ستروتيد,CETROTIDE 3MG POW. FOR SOLU. FOR INJ.
ساروتين,SAROTEN RETARD 25MG CAPS
ساروتين ريتارد,SAROTEN RETARD 50MG CAPS
سكوبينال,SCOPINAL 5MG-5ML SYRUP
سبراليكس,CIPRALEX 10 MG F.C. TABLETS
سالورين,SALURIN 5MG-5ML SYRUP
سيفوزيم,CEFUZIME 500 MG TAB
سيبرالكس,CIPRALEX 20MG F.C. TABLETS
سبرام,CIPRAM 20MG TAB
سالورين,SALURIN 40 MG TABLETS
سارف,SARF 750MG TAB.
سكوبينال,SCOPINAL TAB 10MG
سيفرول,SIFROL 0.088 MG (EQU.0.125MG) TAB
سيفرول اقراص,SIFROL 0.7MG (EQU. 1.00MG) TAB
سيمفاست,SIMVAST
سيمفاست,SIMVAST 10MG TAB
سيمفاست,SIMVAST 40 MG TABLETS
سيترال,SETRAL 100MG F.C. TABLETS
سيترال,SETRAL 50MG F.C. TABLETS
سباسمونور,SPASMONORE SUPP.ADULT
سباسمونور,SPASMONORE SUPP.CHILD 7.5MG
سيناكتين,SYNACTHEN DEPOT
ستيلنوكس,STILNOX 10MG F-C TABS
سيبروكين,CIPROQUIN
سيتالوبرام هيكسال,CITALOPRAM HEXAL 20MG F.C. TABLETS
سيتالوبرام,CITALOPRAM HEXAL 40MG F.C. TABLETS
سيمفاهيكسيل,SIMVAHEXAL 10MG F.C. TABLETS
سيمفاهيكسيل,SIMVAHEXAL 20MG F.C. TABLETS
سيمفاهيكسال,SIMVAHEXAL 40MG F.C. TABLETS
سيسبلاتن,CISPLATIN 1MG-1ML VIAL
سابريـل,SABRIL 500MG F.C.TAB
ستانداسيلين,STANDACILLIN 1G VIAL WITH SOLVENT
ستانداسيلين,STANDACILLIN 500MG INJ WITH SOLVENT
سوربتيل,SUREPTIL 50MG TAB
ستاجيرون,STUGERON 25MG TAB
سباسموليت,SPASMOLYT 20 MG COATED TABLETS
سيمفا,SIMVA 10 MG COATED TABLET
سيليكتا,SELECTA 10MG F.C. TABLETS
سيليكتا,SELECTA 2.5MG F.C. TABLETS
سيليكتا,SELECTA 5MG F.C. TABLETS
سوريكور,SURECURE 0.1% TOPICAL GEL
سولفيكس,SOLVEX 4MG-5ML SYRUP
ستريم,SUTRIM
ساليباكس,SALIPAX 20
سيتالوجين,CITALOGEN
سيربار,CEREPAR
سبرايسل,SPRYCEL 20MG F.C. TABLETS
سبريسيل,SPRYCEL 50MG F.C. TABLETS
سبريسل,SPRYCEL 70MG F.C. TABLETS
سيكلوكابرون,CYKLOKAPRON INJ 100MG-ML 5ML
سميدين,CIMEDINE
سوستانون,SUSTANON 100 AMP
سوستانون,SUSTANON 250 AMP
سيرازيت,CERAZETTE 75MCG TAB
سيكلوفوسفاميد,CYCLOPHOSPHAMIDE 1000MG VIAL
سيكلوفوسفامد,CYCLOPHOSPHAMIDE 200MG VIAL
سوتينت,SUTENT 12.5 MG CAPSULE
سوتنت,SUTENT 25 MG CAPSULE
سوتنت كبسولات,SUTENT 50 MG CAPSULE
سيلزينتري,CELSENTRI 150MG F.C. TABLETS
سيلزنتري,CELSENTRI 300MG F.C. TABLETS
سولوميدرول,SOLU-MEDROL INJ. 500 MG.
سولو ميدرول,SOLU-MEDROL MOV 40 MG INJ.
سولوميدرول,SOLU-MEDROL. INJ. 1000 MG.
سبازموتالين,SPASMOTALIN 100MG TAB
سيمبالتا,CYMBALTA 30MG HARD GASTRO-RESISTANT CAP
سمبيكورت,SYMBICORT TURBUHALER
سيسبالتيل,CISPLATYL 10MG VIAL
سيسبلاتل,CISPLATYL 25MG VIAL
سيسبلاتيل,CISPLATYL 50MG VIAL
سلسبت,CELLCEPT 250 MG CAPS
سبترين,SEPTRIN INJECTION
سيرفاريكس,CERVARIX VACCINE
سيالس,CIALIS 20MG TAB
سيلسيبت,CELLCEPT 500MG TAB
سينجولير,SINGULAIR PEDIATRIC 4MG GRANULES
سبيرساليرج,SPERSALLERG EYE DROPS
سانديميون,SANDIMMUN NEORAL 100MG CAPS
سانديميون نيورال,SANDIMMUN NEORAL 25MG CAPS
سانديميون نيورال,SANDIMMUN NEORAL 50MG CAP
سبيرسادكس,SPERSADEX COMP. 0.1%+0.5% EYE DROPS
سيباسين,CIBACEN 10MG F.C.TAB
سيباسين اقراص,CIBACEN 5MG F.C.TAB
سيبيفو,SEBIVO 600 MG F-C TABLETS
سانديميون,SANDIMMUN 50MG-ML AMPULE
سانديميون,SANDIMMUN CONC.FOR INFUSIN 250MG-5ML
ساندوستاتين,SANDOSTATIN LAR 20MG VIAL
ساندوستاتين لار,SANDOSTATIN LAR 30MG VIAL
ساندوستاتين 0.05MG-ML,SANDOSTATIN 0.05MG-ML AMP
ساندوستاتين 0.1MG-ML,SANDOSTATIN 0.1MG-ML AMP
ساندوستاتن,SANDOSTATIN 0.2MG-ML 5ML AMP
سانديميون,SANDIMMUN NEORAL DRINK 100MG-ML
سيرتيكان,CERTICAN 0.1MG DISPERSIIBLE TABLETS
سيرتيكان 0.25MG,CERTICAN 0.25MG DISPERSIBLE TABLETS
سيرتيكان 0.5MG,CERTICAN 0.5MG TABLETS
سيرتيكان 0.75MG,CERTICAN 0.75MG TABLETS
ستاليفو,STALEVO 100-25-200MG FILM COATED TAB.
ستاليفو اقراص,STALEVO 150-37.5-200MG FILM COATED TAB.
ستاليفو 50-12.5-200MG,STALEVO 50-12.5-200MG FILM COATED TAB.
سيترو,CETRO 10MG F.C TAB
سابوفين جل,SAPOFEN 5 % GEL
سابوفين جونيور,SAPOFEN JUNIOR 100MG-5ML SUSPENSION
سابوفين اقراص,SAPOFEN 200MG F.C TAB
سابوفين كولد,SAPOFEN COLD & FLU TABLET
ستراتيرا,STRATTERA 10MG CAPSULES
ستيراتيرا,STRATTERA 25MG CAPSULES
سيمبرينا,SEMBRINA TABLETS 250 MG.
سبيروكتان,SPIROCTAN TAB 25MG
سورتيفا,SORTIVA H 100-25MG F.C. TABLETS
سورتيفا,SORTIVA H 50-12.5MG F.C. TABLETS
سورتيفا,SORTIVA 25 MG FILM COATED TABLETS
سورتيفا,SORTIVA 50 MG FILM COATED TABLETS
سورتيفا,SORTIVA FORTE 100MG F.C. TABLETS
سبيروكتان,SPIROCTAN TAB 50MG
سابوفين,SAPOFEN 600 MG TAB
سنافي,SNAFI 20MG TAB
ستاريل,STARIL 10MG TAB
ستاريل اقراص,STARIL 20MG TAB
سيناتين,SINATEN 100000 I.U VAGINAL TAB.
سولبادين كبسولات,SOLPADEINE CAPSULE
سيروكسات,SEROXAT TAB 20MG
ستيبروكس,STIEPROX 1.5% SHAMPOO
سلفارجين,SULPHARGIN
سينالاكس,SENNA LAX
ستاليفو,STALEVO 200-50-200MG FILM COATED TAB.
سليبركس كبسولات,CELEBREX 200MG CAPSULE
سيفراكس,CEFRAX 400MG CAPSULES
سابوفين بلس,SAPOFEN PLUS ORAL SUSPENSION
سيراكس,Serax
سيتوتاك,Cytotic
سوميناليتا,sominaletta
سوستيفا,Sustiva
ستوكرين,Stocrin
سوليد,sulide
سيرزون,Serzone
سيليرت,Cylert
سموديرم كريم,SMOODERM CREAM
سوبوتكس,Subutex
سيناريل,Synarel
سيكترال,Sectral
سيماب,Semap
سيتوفين,Cytovene
سوليان,Solian
سوبرفاكت,Suprefact
سومافيرت,Somavert
سيريزايم,Cerezyme
سيروميسين,Seromycin
سيردولكت,Serdolect
ساتيفكس,Sativex
سيريباكس,Serepax
سبورانوكس,Sporanox
سيميتريل,Symmetrel
سينتونال,Sintonal
سيبتوبال,Septopal
سيدوميسين,Cidomycin
سينيكوان,Sinequan
سيزين,Saizen
سولتاموكس,Soltamox
سيلداين,Seldane
سولودين,Solodyn
سولفتون,Solfoton
سترابريد,Sterapred
سيروفين,Serophene
ستاكسين,Staxyn
سيفجيل,Civigel
سينسيبار,Sensipar
سانكتورا,Sanctura
سورياتين,Soriatane
سافيلا,Savella
سيتوكسان,Cytoxan
سورين,Sorine
سينوجان,Sinogan
سوماتروبين,سوماتروبين
سالْبوتامول,سالْبوتامول
سالمترول,سالمترول
ساكوينافير,ساكوينافير
سوكرالفات,سوكرالفات
سولفاسالازين,سولفاسالازين
سولبيريد,سولبيريد
سوماتريبتان,سوماتريبتان
ستربتوكيناز,ستربتوكيناز
سيمفاستاتين,سيمفاستاتين
سيميتيدين,سيميتيدين
سيميثيكون,سيميثيكون
سيناريزين,سيناريزين
سَنا,سَنا
سبيرونولاكتون,سبيرونولاكتون
سكوبولامين,سكوبولامين
سودوإفدرين,سودوإفدرين
سيتيريزين,سيتيريزين
سيسابريد,سيسابريد
سيبروفلوكساسين,سيبروفلوكساسين
سايكلوسبورين أ,سايكلوسبورين أ
سيفازولين,سيفازولين
سيفاكلور,سيفاكلور
سيفوروكسيم,سيفوروكسيم
سيفترياكسون,سيفترياكسون
سيفيكسيم,سيفيكسيم
سيلدنافيل,سيلدنافيل
سيليجيلين,سيليجيلين
سيتالوبرام,سيتالوبرام
سيرترالين,سيرترالين
سيفاليكسين,سيفاليكسين
سيلكوكسيب,سيلكوكسيب
سيبوترامين,سيبوترامين
سيبروفيبرات,سيبروفيبرات
سيلازابريل,سيلازابريل
سيسبلاتين,سيسبلاتين
سيتوكسيماب,سيتوكسيماب
سونيتينب,سونيتينب
سيبروتيرون,سيبروتيرون
سيكلوبيروكس,سيكلوبيروكس
سيتروريليكس,سيتروريليكس
سولفاسيتاميد,سولفاسيتاميد
سيلينيوم سولفيد,سيلينيوم سولفيد
سولفاديازين الفضة,سولفاديازين الفضة
سيتريميد,سيتريميد
سيناكالسيت,سيناكالسيت
سيتاغليبتين,سيتاغليبتين
ساليسيلات المورفولين,ساليسيلات المورفولين
سيتوماكروغول,سيتوماكروغول
سيكلوفوسفاميد,سيكلوفوسفاميد
سوتالول,سوتالول
سيروليموس,سيروليموس
سورافينيب,سورافينيب
سوليفيناسين,سوليفيناسين
سَلثيام,سَلثيام
سيفيلامير,سيفيلامير
سيكلوسيرين,سيكلوسيرين
سرتيندول,سرتيندول
شامبو نيزورال,NIZORAL SHAMPOO
شامبكس,CHAMPIX 0.5 MG F-C TAB
شامبيكس,CHAMPIX 1MG F-C TABLETS
شامبو كلارازول,CLARAZOLE 2% SHAMPOO
شفا بيروكسام,SHIFA PIROXICAM 20 MG-ML I.M AMP
شامبيونيل,Championyl
شانتكس,Chantix
غلوكوباي,GLUCOBAY 50MG TAB
غلوريون,GLORION 2MG TABLETS
غلوديتين,GLODITEN 1MG\5ML SYRUP
غلورا,GLORA 5MG-5ML SYRUP
غلورا,GLORA 10MG TABLETS
غلوتاك,GLOTAC 300 MG FILM COATED TABLETS
غليمفان,GLIMEPHAN 1MG TABLETS
غوبيسون,GUPISONE TAB 5MG
غابانت,GABANET 400MG CAPSULE
غرانيترون,GRANITRON 3MG-3ML SOLUTION FOR INJECTION
غلوساف,GLUSAFE 1MG TABLETS
غلوكاغين,GLUCAGEN 1MG HYPOKIT FILLED WITH WATER
غريبين,GRIPINE 2MG-5ML SYRUP
غاسيك غاسترو,GASEC 20MG GASTRO CAPS
غاسيك غاسترو,GASEC 40MG GASTRO CAPSULES
غلاوكتابس,Glauctabs
غايفينيسين,غايفينيسين
غوسيريلين,غوسيريلين
غريزيوفولفين,غريزيوفولفين
غابابنتين,غابابنتين
غليميبرايد,غليميبرايد
غلانتامين,غلانتامين
غرانيسترون,غرانيسترون
غانيريليكس,غانيريليكس
غانسيكلوفير,غانسيكلوفير
فانكوميسين,VANCOMYCIN ALPHARMA 1GM VIAL
فنكوميسين,VANCOMYCIN ALPHARMA 500MG VIAL
فينتوليب,PHENTOLEP 50MG-ML AMPOULE
فينيكول,PHENICOL 1% OPTHALMIC OINTMENT
فنتانيل سيتريت,FENTANYL CITRATE 50MCG-ML VIAL
فلوفينازين,FLUPHENAZINE DECANOATE 25MG-ML INJECTION
فلوكاند,FLUCAND 200MG-100ML INFUSION VIAL
فيريبروكس,FERRIPROX 500MG F.C.TABLET
فيري بروكس,FERRIPROX 100MG/ML ORAL SOLUTION
فيجام,VIGAM LIQUID 5% I.V BOTTLE
فنتانيل جانسين,FENTANYL-JANSSEN 0.05MG-ML AMPOULES
فوسفات الكلوروكين,CHLOROQUIN PHOSPHATE 80MG/5ML SYRUR
فيبسيد,VEPESID 100MG\5ML AMP
فيبيسيد,VEPESID AMP 100MG-5ML FOR INFUSION
فيلكيد,VELCADE 3.5MG POWDER FOR I.V. INJECTION
فلاتيديل,FLATIDYL 40MG CHEWABLE TAB
فيتاسيد كالسيوم,VITACID CALCIUM 1000 MG EFFERVESCENT TABLETS
فيجاموكس,VIGAMOX 0.5% OPHTHALMIC SOLUTION
فلوكون,FLUCON OPTH SUSP 0.1%
فلودارا اقراص,FLUDARA 10MG F.C. TABLETS
فلودارا,FLUDARA 50MG I.V VIAL
فليكسا,FLEXA CAPSULE
فيوسيكورت,FUCICORT CREAM
فياجرا,VIAGRA 100MG TABLETS
فياغرا,VIAGRA 50MG F.C TAB
فلورويوراسيل,FLUOROURACIL EBEWE AMP 50MG-ML
فيفند,VFEND 200MG POWDER FOR SOLU.FOR INFUSION
فلورويوراسيل,FLUOROURACIL EBEWE VIAL 50MG-ML
فاسيجين,FASIGYN 500MG TABLET
فوساماكس,FOSAMAX 10MG TAB
فوزاماكس,FOSAMAX ONCE WEEKLY 70MG TAB
فيفند,VFEND 200MG TABLET
ففيند,VFEND 50MG TABLET
فليكسوتيد ديسكس,FLIXOTIDE 250MCG INHALER
فليكسوتيد,FLIXOTIDE 25MCG INHALER
فلوكسيتايد ديسكس,FLIXOTIDE DISKUS 100MCG BLISTER POWDER
فلوكسيتايد,FLIXOTIDE DISKUS 250MCG BLISTER POWDER
فليكسوتيد,FLIXOTIDE DISKUS 500MCG BLISTER POWDER
فليكسوتيد,FLIXOTIDE DISKUS 50MCG BLISTER POWDER
فيكسوتيل,FEXOTEL 120MG TABLET
فنتولين,VENTOLIN RESPIRATORY SOLUTIN
فنتولين,VENTOLIN INHALER
فنتولين,VENTOLIN CR
فلوتين,FLUTIN 20MG CAPSULE
فيوتاسول,FUTASOLE 2%CREAM
فالوبين,VALOPIN 200 MG E-C TABLETS
فالوبين,VALOPIN 500 MG E-C TABLETS
فينتولين,VENTOLIN DISKUS 200MCG
فيتزكالم,FITZECALM 100MG\5ML SUSP
فانكولون,VANCOLON 0.5GM-VIAL I.V.
فانكولون 1GM,VANCOLON 1GM POWDER FOR I.V. INFUSION
فلوتين 20 ملغ,FLUTIN 20MG-5ML SYRUP
فالوبين,VALOPIN 200MG\5ML SYRUP
فيتزكالم,FITZCALM 200MG TAB
فلوناكسول,FLUANXOL DEPOT 100MG-ML I.M AMP
فلوناكسول ديبوت,FLUANXOL DEPOT 20MG-ML 2 ML.
فلوناكسول اقراص,FLUANXOL 1MG TAB
فلوانكسول,FLUANXOL 3MG TAB
فيراميون,VIRAMUNE 200MG TAB
فنزول,FUNZOL 150MG CAPSULES
فينادكس,FENADEX 120 MG F- CTABLETS
فينادكس,FENADEX 180MG F.C. TABLETS
فيناديكس,FENADEX 60 MG F-C TABLETS
فلوزين,FLUZYN 20MG CAPSULES
فوديون,FUDION 2% CREAM
فلوكسيتين,FLUOXETIN HEXAL 20MG CAPSULES
فلوفينازين ديكانوات,FLUPHENAZINE DECANOATE OILY 100MG-ML AMP
فلوفينازين,FLUPHENAZINE DECANOATE OILY 25MG-ML AMP
فينيتوين,PHENYTOIN 250MG-5ML AMP
فلورويراسيل,FLUOROURACIL 250MG-10ML VIAL
فلوراويوراسيل,FLUOROURACIL 500MG-10ML VIAL
فانكوميسين اتش سي ال,VANCOMYCIN HCL 1 G VIAL FOR INFUSION
فنكوميسين اتش سي ال,VANCOMYCIN HCL 500MG VIAL FOR INFUSION
فيرازول,VIRAZOLE 20MG-MLUPON RECONSTITUTON INHAL
فورتيبين,FORTEPEN 0.4GM INJ
فافرين,FAVERIN 100MG EC TABS
فافرين,FAVERIN 50MG EC TABS
فيرموكس,VERMOX 100MG TABLET
فوسيباكت,FUSIBACT CREAM 2% W-W
فلوكا,FLUCA OPTHALMIC SUSP.
فونغيسور,FUNGICURE 1% CREAM
فالوبرا,VALOPRA 200 MG-ML SOLUTION
فالوبرا,VALOPRA 57.64 MG-ML SYRUP
فلاتيكون,FLATICON 40MG CHEWABLE TABLETS
فلاتيكون,FLATICON 60MG CHEWABLE TABLETS
فلامازين,FLAMAZINE
فاموجين,FAMOGEN
فوربين,PHORPAIN
فلوزاك,FLOZAK
فلوميتول,FLUMETOL
فاسكودبين,VASCODIPINE
فيناكسين,VENAXINE
فيرو ميرز,VIRU-MERZ SEROL
فامودار,FAMODAR
فيبسيد,VEPESID 100MG CAPSULE
فاجيفيم,VAGIFEM 25MICROGRAM- VAGINAL TAB
فالسيت,VALCYTE 450MG FILM - COATED TABLETS
فيلاكوين فورت,PHILAQUIN FORTE 4% CREAM
فيلازول,PHILAZOLE 2%W-W(20MG-GM)TOPICAL CREAM
فيلازول,PHILAZOLE 2% W-W SHAMPOO
فوكورت,VOCORT CREAM
فورتيسيف كبسولات,FORTICEF 250MG CAPSULES
فورتيسيف,FORTICEF 125MG-5ML POWDER FOR ORAL SUSP
فيكس ساينيكس,VICKS SINEX NASAL SPRAY.
فورتيو,FORTEO 20MCG-80MCL SOLU. FOR INJECTION
فانكوسين,VANCOCIN-CP 500MG-10 ML. VIAL
فاريلركس,VARILRIX 2000 PFU -0.5ML VIAL
فورتزار,FORTZAAR
فينيستيل,FENISTIL 24 LONG ACTING CAPSULE 4 MG
فيبروسيل,VIBROCIL NASAL GEL
فنيستيل جل,FENISTIL GEL
فيبروسيل,VIBROCIL NASAL DROPS
فيبروسيل,VIBROCIL SPRAY MICRODOSEUR
فينيستيل,FENISTIL DROPS 0.1G-100ML
فنيستيل,FENISTIL SYRUP
فينستيل,FENISTIL 1 MG COATED TAB
فامفير,FAMVIR 125MGTAB
فامفير,FAMVIR 250MG TAB
فيمارا,FEMARA 2.5 MG TABLET
فسكالديكس,VISKALDIX 10MG+5MG TAB
فيسكين,VISKEN 5MG TABLETS
فيفادول,FEVADOL COLD & FLU TABLETS
فلدين,FELDENE 10MG CAPS
فيوسيدرم,FUSIDERM 2% CREAM
فيلدين,FELDENE 10MG DISPERSABLE TAB
فيرين,VERINE SR 200MG SUSTAINED RELEASED CAP
فورميت,FORMIT 500MG TABLETS
فيرين,VERINE 135MG TAB
فافو,VAVO 2% CREAM
فينيسكار,FINISCAR 5MG F.C. TABLETS
فيكسودين,FEXODINE 120MG TABLET
فيكسودين,FEXODINE 180MG TABLET
فيناسيد,FINASID 5MG FILM COATED TABLET
فيزيكير,VESICARE 10MG F.C. TABLETS
فيزي كير,VESICARE 5MG F.C. TABLETS
فلوكسابين,FLOXAPEN 500MG CAPS
فلوكسابين,FLOXAPEN CAPS 250MG
فلوكسابين,FLOXAPEN VIAL 250MG
فلوكسابين,FLOXAPEN 250MG-5ML POWD.FOR SUSP
فلوكسابين,FLOXAPEN SYP 125MG-5ML
فلودريكس,FLUDREX SYRUP
فينابيد سبانسيولز,FENBID SPANSULES 300MG
فازيم,PHAZYME TAB 60MG
فيموستون,FEMOSTON 1-10 TABLET
فيمستون,FEMOSTON 2-10 TABLET
فيكسال,VEXAL RX 37.5 MG EXTENDED RELEASE CAPSULE
فيكسال,VEXAL RX 75 MG EXTENDED RELEASE CAPSULE
فكسال,VEXAL RX 150 MG EXTENDED RELEASE CAPSULE
فاسبيك,FASPIC 600MG GRANULES
فيرتاب,FERTAB 50MG TAB
فلوموسيل,FLUIMUCIL 200MG/1GM GRANULES FOR ORAL SOLUTION
فلوسين,Fulcine
فيبراميسين,Vibramycin
فاليوم,Valium
فولتارين,Voltaren
فورتوفيز,Fortovase
فينوباربيتون,Phenobarbitone
فيوكس,Vioxx
فينتور,Ventor
فوراديل,Foradil
فالتريكس,Valtrex
فاسلوديك,Faslodex
فيربوريل,Verboril
فاستين,Fastin
فيوزيون,fuzeon
فانيكا,Vaniqa
فينتافيس,Ventavis
فوسرينول,Fosrenol
فينوروتون,Venoruton
فلورينيف,Florinef
فيدازا,Vidaza
فريزيوم,Frisium
فليكسون,Flexon
فيستازين,Vistazine
فيستاكون,Vistacon
فيستاريل,Vistaril
فيريلان,Verelan
فورتاسيك,Fortasec
فيكترين,Vectrin
فورادانتين,Furadantin
فيسكين,Visken
فازاكلو,FazaClo
فلوماكس,Flomax
فابيور,Fabior
فيريد,Viread
فيادور,Viadur
فيلوكونتين,Phyllocontin
فينكريستين,فينكريستين
فيراباميل,فيراباميل
فالبروات الصوديوم,فالبروات الصوديوم
فاموتيدين,فاموتيدين
فامْسيكلوفير,فامْسيكلوفير
فوسينوبريل,فوسينوبريل
فوروسيميد,فوروسيميد
فلوكسيتين,فلوكسيتين
فلوفوكسامين,فلوفوكسامين
فيلوديبين,فيلوديبين
فلوتيكازون,فلوتيكازون
فلوفينازين,فلوفينازين
فلوكونازول,فلوكونازول
فينوباربيتال,فينوباربيتال
فينوكسي بنزامين,فينوكسي بنزامين
فينيتوين,فينيتوين
فينيليفرين,فينيليفرين
فينيل بروبانولامين,فينيل بروبانولامين
فينلفورامين,فينلفورامين
فينلافاكسين,فينلافاكسين
فيناسترايد,فيناسترايد
فيلغراستيم,فيلغراستيم
فيكسوفنيادين,فيكسوفنيادين
فليكانيد,فليكانيد
فورموتيرول,فورموتيرول
فالاسيكلوفير,فالاسيكلوفير
فاردينافيل,فاردينافيل
فالسارتان,فالسارتان
فلورويوراسيل,فلورويوراسيل
فلوروميثولون,فلوروميثولون
فوسامبرينافير,فوسامبرينافير
فوريكونازول,فوريكونازول
فولفيسْترانت,فولفيسْترانت
فينازوبيريدين,فينازوبيريدين
فوسفات الصوديوم,فوسفات الصوديوم
فوسفوميسين,فوسفوميسين
فوليتروبين,فوليتروبين
فارينيكلين,فارينيكلين
فنتانيل,فنتانيل
فلوسينولون,فلوسينولون
فِنترمين,فِنترمين
فينورلبين,فينورلبين
فلوفاستاتين,فلوفاستاتين
فينيلزين,فينيلزين
فالْغانْسيكْلوفير,فالْغانْسيكْلوفير
فلونيترازيبام,فلونيترازيبام
فلودروكورتيزون,فلودروكورتيزون
فلوبنتكسول,فلوبنتكسول
فانكوميسين,فانكوميسين
فيغاباترين,فيغاباترين
فلوتاميد,فلوتاميد
فينولفثالين,فينولفثالين
فلوداربين,فلوداربين
فيلداغليبتين,فيلداغليبتين
قطرات انف ديكوزال,DECOZAL 0.1% NASAL DROPS
قطرة توبراديكس,TOBRADEX EYE DROPS
قطرة توبريكس,TOBREX OPTH.OINT. 0.3%
قطرات انف زيلولين,XYLOLIN 0.05%CHILD NASAL SPRAY
قطرة الانف زيلو ميفا,XYLO-MEPHA 0.1% NASAL SPRAY
قطرة العين زاديتين,ZADITEN 0.25 MG-ML EYE DROPS
كارديوبريل,Cardiopril 25 Tablets
كريم كانيستين,CANESTEN CREAM 1%
كانيستين,CANESTEN-1 VAG. CREAM 10%
كانيستين,CANESTEN SOLUTION 1%
كريم ميكوسبور,MYCOSPOR CREAM 1%
كانديفاست,CANDIVAST 150MG CAP
كانديفيست,CANDIVAST 50MG CAP
كيديبرين,KIDIPRIN CHEWABLE TABS 100MG
كونفورتد كبسولات,CONFORTID 25MG CAPS
كونفورتد حقن,CONFORTID INJ I.V 50MG
كونفورتد,CONFORTID 50MG SUPPOSITORY
كونفورتيد,CONFORTID SUPPOSITORIES 100 MG.
كوليستوب,COLISTOP SUSP
كلورامكس,CHLORAMEX SYRUP 160MG-5ML
كونفورتيد شراب,CONFORTID SYRUP 5MG-ML
كوسيمولول,CUSIMOLOL 0.5% EYE DROPS
كوليميكس,COLIMEX TABLETS 1.5 million UNITS
كونسيرتا,CONCERTA EXTENDED RELEASE 18MG TABLET
كولفيد,COLFED 120ML
كلاريباك,KLARIBAC 500 MG FILM COATED TABLETS
كلاريباك,KLARIBAC 250MG TAB
كانديكورت,CANDICORT CREAM
كيناسين,KENACIN CREAM
كريم بيترالار,PETRALAR-F 0.25% CREAM
كامبتو,CAMPTO 100MG-5ML VIAL FOR I.V INFUSION
كريم نيزورال,NIZORAL CREAM 2%
كريم ديفيرين,DIFFERIN 0.1% CREAM
كريم الريتاكنيل,RETACNYL 0.025% CREAM
كريم ريتاكنيل,RETACNYL 0.05% CREAM
كريم الدارا,ALDARA 5% CREAM
كوليفيوران,COLIFURAN TAB 100MG
كولميدتين,COLMEDITEN TAB
كيتريل,KYTRIL 1MG-ML AMP
كليندامايسين فوسفات,CLINDAMYCIN PHOSPHATE 150MG-ML INJ
كلاسيد,KLACID 125MG-5ML SUSP
كلاسيد,KLACID 250MG TAB
كليمن,CLIMEN TAB
كوسوبت,COSOPT EYE DROPS
كوزار,COZAAR
كريستور,CRESTOR 10 MG FILM COATED TABLETS
كاربوبلاتين ايبيوي,CARBOPLATIN "EBEWE" 50MG-5ML
كادويت,CADUET 10-10
كادويت 10-20,CADUET 10-20
كو-رينيتك,CO-RENITEC
كيوتيفيت,CUTIVATE 0.05% CREAM
كريم ديرموفيت,DERMOVATE CREAM 0.05%
كومبيجان,COMBIGAN EYE DROPS
كريم جامافيت,GAMAVATE CREAM 0.05%
كمدرين,KEMADRIN INJ 10MG-2ML
كيمدرين,KEMADRIN TABS 5 MG
كتيليز,ACTILYSE SET(2VLS+2SOLV&INFSET)
كريم بيبانثين,BEPANTHEN PLUS CREAM
كودافيد,CODAPHED SYRUP
كابتوفار,CAPTOPHAR 25MG TABLETS
كلاميسين,CLAMYCIN 250 MG TABLET
كلوبيكسول ديبوت,CLOPIXOL DEPOT INJ 500MG-ML OILY AMP
كلوبيكسول - اكيوفاس,CLOPIXOL-ACUPHASE 50MG-ML OILY AMP
كلوبيكسول اقراص,CLOPIXOL TABS 10MG
كلوبيكسول,CLOPIXOL TABS 2MG
كريم اوبيزول,OPIZOLE 1% CREAM
كلوبيسون,CLOBESON
كيراسال,KERASAL 10 % OINTMENT
كلينداسول,CLINDASOL 10MG-ML LOTION
كونازول,CONAZOL 2% CREAM
كريم يوسيدين,UCIDIN 2% CREAM
كلوتركس,CLOTREX
كلنيمايسن تي,CLINIMYCIN-T
كلاريناز,CLARINASE TAB
كاربوبلاتين,CARBOPLATIN 10MG-ML VIAL
كيرلون,KERLONE TAB F.C. 20MG
كريم الدوكين,ELDOQUIN CREAM 2%
كلوميد,CLOMID 50MG TAB
كريم يودينا,EUDYNA CREAM 0.05%
كزاترال,XATRAL XL 10 MG
كريم هاي كوين,HI- QUIN 2% CREAM
كريم اليكا,ELICA 0.1% CREAM
كلوبيت,CLOBATE 0.05% OINTMENT
كريم ديرفينا,DERFINA 1% CREAM
كويستران,QUESTRAN POWDER
كلارازول,CLARAZOLE 2% CREAM
كونكور,CONCOR 10 PLUS F.C. TABLETS
كونكور,CONCOR
كونكور,CONCOR COR
كريم ادولين,ADOLIN 0.1% W-W CREAM
كبريتات الاتروبين,ATROPINE SULPHATE 0.6MG\ML AMPOULE
كريم بيجمانورم,PIGMANORM
كالسينات,CALCINATE
كلوبي درم,CLOBEDERM
كلاريماك,CLARIMAC
كلوروكين,CHLOROQUINE
كلوراسيف,CLORACEF FORTE
كيبرا محلول فموي,KEPPRA 100MG-ML ORAL SOLUTION
كيناكورت,KENACORT-A 40MG\ML INJ
كينالوج,KENALOG IN ORABASE (PASTE 0.1%)
كلاريدار,CLARIDAR
كابوكارد,CAPOCARD 50MG TAB
كارباتول,CARBATOL 200MG TAB
كابيكاينيز,KABIKINASE 600000 IU VIAL
كابيكاينيز,KABIKINASE VIAL 100000 IU
كالترات,CALTRATE 600 MG TAB
كوبيغوس,COPEGUS 200 MG FILM COATED TABLET
كفامول,CAFAMOL TAB
كوابروفيل,COAPROVEL 300-25MG F.C. TABLETS
كوردارون,CORDARONE 150MG-3ML AMP
كافيرجيكت,CAVERJECT 20MCG VIAL
كريم كروتافيل,CROTAPHIL 10% CREAM
كريم بانثوفيل,PANTHOPHIL PLUS CREAM
كروتافيل,CROTAPHIL 10% LOTION
كريم يوسيديرم,UCIDERM 2 % CREAM
كوابروفيل,COAPROVEL 150-12.5 MG TABLET
كو ابروفيل,COAPROVEL 300-12.5 MG TABLET
كوردارون اقراص,CORDARONE 200MG TAB
كينيدين سلفات,QUINIDINE SULPHATE 200MG TAB
كويل,KWELL CREAM
كويل,KWELL SHAMPOO
كفزول,KEFZOL 250MG.-10ML. VIAL
كيتريل,KYTRIL 200MCG-ML SYRUP
كيتريل 1MG,KYTRIL 1MG TAB
كسيلودا,XELODA 150MG TABLET
كريم يوراكس,EURAX CREAM 10%
كو ديوفان,CO- DIOVAN 320-12.5MG F.C. TABLETS
كو - ديوفان,CO- DIOVAN 320-25MG F.C. TABLETS
كو ديوفان,CO-DIOVAN 160\25 MG F.C TABLET
كوديوفان,CO-DIOVAN 160MG+12.5MG F.C TAB
كو - ديوفان,CO-DIOVAN F.C TAB 80MG-12.5MG
كومتان,COMTAN 200MG F.C TAB
كافيرجوت,CAFERGOT 1 MG TAB
كوفليو,COFLU 500-15-6.25-15ML SYRUP
كبسولات ستراتيرا,STRATTERA 60MG CAPSULES
كيناكومب,KENACOMB CREAM
كيناكومب,KENACOMB OINTMENT
كابوتين,CAPOTEN 25MG TAB
كابريل,CAPRIL 25MG TAB
كاردول,CARDOL 100MG TAB
كارفيدول,CARVIDOL 12.5 MG TAB
كارفيدول 25,CARVIDOL 25 MG TAB
كارفيدول اقراص,CARVIDOL 6.25MG TABLET
كلوفر,CLOVIR 400MG TAB
كلوزول,CLOZOLE 0.1% TOPICAL CREAM
كيتوفين,KETOFEN 1MG-5ML SYRUP
كالسيتيك,CALCITEC 100 I.U NASAL SPRAY
كالسيتيك 200,CALCITEC 200 I.U NASAL SPRAY
كالسيتيك,CALCITEC 50 I.U NASAL SPRAY
كانار,CANAR 100 MG TABLET
كانار اقراص,CANAR 50 MG TABLET
كلوبيكس,CLOPEX 75 MG F-C TABLETS
كلاريكس,CLAREX 250MG TABLET
كلوكسا,CLOXA 1000MG VIAL
كينوكورت,CINOKORT 40 MG - 2 ML AMPOULE
كولاكس,KULAX 65MG-100ML SYRUP
كريم فلامازين,FLAMAZINE CREAM 1%
كيبرا,KEPPRA 250MG F.C.TAB
كيبرا اقراص,KEPPRA 500MG F.C.TAB
كلوبيدرم,CLODEARM 0.05% CREAM
كساريلتو,XARELTO 10MG FILM COATED TABLET
كريم واتين,WATENE 0.1% CREAM
كارديوبرول,CARDIOPROL 5MG TABLETS
كاردكس,CARDEX
كوستي,Costi
كاردورا,Cardura
كوريم,corem
كافوسيد,Kafosed
كومادين,Coumadin
كوجنكس,Cognex
كوالاكوين,Qualaquin
كلاريتين,Claritin
كلارا,Clara
كاديان,Kadian
كولستيد,Colestid
كريكسيفان,Crixivan
كاليترا,Kaletra
كامباث,Campath
كاسوديكس,Casodex
كلولار,Clolar
كاسكور,Cascor
كاردوكسين,Cardoxin
كارديزيم,Cardizem
كاتافلام,Cataflam
كامبيا,Cambia
كالان,Calan
كاناسا,Canasa
كارافات,Carafate
كبريمين,Cuprimine
كولكريس,Colcrys
كلوزاريل,Clozaril
كلونوبين,Klonopin
كلوكسابن,Cloxapen
كريون,Creon
كوتازيم,Cotazym
كورليم,Korlym
كامبتوسار,Camptosar
كوينيبروكس,Quineprox
كونديلين,Condyline
كوتينزا,Qutenza
كابسين,Capsin
كيسوردينول,Cisordinol
كيتالار,Ketalar
كوليسترأمين,كوليسترأمين
كوينيدين,كوينيدين
كلورامفينيكول,كلورامفينيكول
كلوروكين,كلوروكين
كلوروثيازيد,كلوروثيازيد
كلورفينيرأمين,كلورفينيرأمين
كلوربرومازين,كلوربرومازين
كلوربروباميد,كلوربروباميد
كلورثاليدون,كلورثاليدون
كروموغليكات الصوديوم,كروموغليكات الصوديوم
كالسيتونين,كالسيتونين
كابتوبريل,كابتوبريل
كارفيدلول,كارفيدلول
كاربامازپين,كاربامازپين
كارباريل,كارباريل
كاربيدوبا,كاربيدوبا
كودين,كودين
كوتريموكسازول,كوتريموكسازول
كولْشيسين,كولْشيسين
كوليستيبول,كوليستيبول
كوبوليمر - 1,كوبوليمر - 1
كيتوكونازول,كيتوكونازول
كلاريثرومايسين,كلاريثرومايسين
كلوزابين,كلوزابين
كلوتيابين,كلوتيابين
كلوتريمازول,كلوتريمازول
كلوميفين,كلوميفين
كلوميبرامين,كلوميبرامين
كلونازيبام,كلونازيبام
كلونيدين,كلونيدين
كلوكساسيلين,كلوكساسيلين
كليندامايسين,كليندامايسين
كلوبيدوجريل,كلوبيدوجريل
كانديسارتان,كانديسارتان
كويتيابين,كويتيابين
كلُورازِيبات,كلُورازِيبات
كلوبيتازون بوتيرات,كلوبيتازون بوتيرات
كلوبيتازول بروبيونات,كلوبيتازول بروبيونات
كابيسيتابين,كابيسيتابين
كابيرغولين,كابيرغولين
كاربوسيستين,كاربوسيستين
كيتوتيفين,كيتوتيفين
كالسيبوتريول,كالسيبوتريول
كلورديازيبوكسيد/ كليدينيوم بروميد,كلورديازيبوكسيد/ كليدينيوم بروميد
كاربومير,كاربومير
كروتاميتون,كروتاميتون
كبريتات البوليميكسين ب,كبريتات البوليميكسين ب
كابسيسين,كابسيسين
كلودرونات,كلودرونات
كلوفارابين,كلوفارابين
كبريتات غلوكوزومين,كبريتات غلوكوزومين
كاسبوفونجين,كاسبوفونجين
كلورهِكسيدين,كلورهِكسيدين
كلوبازام,كلوبازام
كاربوبلاتين,كاربوبلاتين
كربونات الكالسيوم,كربونات الكالسيوم
كلادريبين,كلادريبين
كيتامين,كيتامين
كوليستيمثات الصوديوم,كوليستيمثات الصوديوم
كابازيتاكسيل,كابازيتاكسيل
كانابيديول/ رباعي هيدروكانابينول,كانابيديول/ رباعي هيدروكانابينول
لوفاسك,LOWVASC 5MG CAPSULE
ليفيترا,LEVITRA 10MG TABLET
ليفترا,LEVITRA 20MG TABLET
ليفترا اقراص,LEVITRA 5MG TABLET
ليركاديب,LERCADIP 10MG F.C.TABLET
ليكسين,LEXIN CAP. 250 MG.
ليكسين,LEXIN CAP. 500 MG.
ليتاريكس,LITAREX TAB 564mg
ليكسين,LEXIN 250MG-5ML SUSP.
ليكسن,LEXIN 1G TAB
لوسيريل,LOCERYL 5% NAIL LACQUER
لاسريفيسك,LACRYVISC EYE GEL
لوبرون,LUPRON DEPOT 3.75MG-VIAL
لوبرون ديبوت,LUPRON DEPOT 7.5MG -VIAL
لوجينون,LOGYNON TAB
ليفوستين,LIVOSTIN EYE DROPS 0.5MG-ML
ليبيتور,LIPITOR 10MG F.C TAB
ليبيتور,LIPITOR 20MG F.C TAB
ليبيتور,LIPITOR 40 MG FILM COATED TABLETS
ليبتور,LIPITOR 80MG F.C. TABLETS
لاميكتال,LAMICTAL
لاكسوكوديل,LAXOCODYL 10MG SUPP
لاكسوكوديل,LAXOCODYL 5MG SUPP
لوجور,LOJOUR 5MG\5ML SYRUP
لاكسوكودال,LAXOCODYL 5 MG TABLET
لانفاست,LANFAST 30MG CAPSULE
لوميجان,LUMIGAN 0.3MG - ML EYE DROPS
ليدوكايين,LIDOCAINE 5 % OINTMENT
ليسوفار,LISOPHAR 10MG TABLETS
ليسوفار اقراص,LISOPHAR 20MG TABLETS
لوماكس,LOMAX 400MG TAB
لاسين,LACINE 50MG F.C. TABLETS
لوبرام,LOPRAM 20MG F.C. TABLETS
لوريك اقراص,LORIC 100 MG TABLETS
لوريك,LORIC 300 MG TABLETS
ليدابريم,LIDAPRIM ORAL SUSP.FOR CHILD
ليدابريم فورت,LIDAPRIM FORTE TAB
ليدابريم,LIDAPRIM PED. TAB. 20 TABS.
ليدابريم اقراص,LIDAPRIM TAB
ليوكايين,LIOCAINE
لورانو,LORANO 10MG TABLETS
لازكس,LASIX PAED. LIQUID
لوتريديرم,LOTRIDERM CREAM
لاتسين,LATYCIN E-E OINT 1%
لازيكس,LASIX AMP 20MG-2ML
لانتس كارتردج,LANTUS 100 I.U - ML CARTRIDGE
لانتوس سولوستار,LANTUS SOLOSTAR 100I.U-ML DISPOSABLE PEN
لانتوس,LANTUS 100 I.U - ML VIAL
ليبراكس,LIBRAX TABLET
ليسيتال,LECITAL 20MG F.C. CAPLETS
لاميفين,LAMIFEN 1% CREAM
لوكسترا,LOXTRA EYE DROP
لاتانو,LATANO 0.005% W-V OPHTHALMIC SOLUTION
لاتنوكوم,LATANOCOM OPHTHALMIC SOLUTION
ليفونيك,LEVONIC 500MG-100ML SOLUTION FOR I.V. INFUSION
لورينيكس,LORINEX 0.5MG-1ML SYRUP
لاكتولوز,LACTULOSE 650MG-ML SYRUP 300ML
لاكسولاك,LAXOLAC SYRUP
لوبوديوم,LOPODIUM 2MG CAPS
ليدوكايين اتش سي ال,LIDOCAINE HCL 2% INJ 20ML
لودوز,LODOZ 2.5-6.25MG F.C. TABLETS
ليدوكيين اتش سي ال,LIDOCAINE HCL 1% AMPOULE
ليدوكين حقن,1% W-V LIDOCAINE HCL INJECTION USP
لاستيت,LASTET 100MG AMP FOR INFUSION
ليفيمير,LEVEMIR PENFILL 100IU\ML
ليفيمير,LEVEMIR FLEX PEN 100IU\ML
ليبودار,LIPODAR 10MG TABLETS
ليفيال,LIVIAL 2.5MG TAB
ليريكا 150,LYRICA 150
ليريكا 25,LYRICA 25
ليركا,LYRICA 300
ليريكا 50,LYRICA 50
ليريكا 75,LYRICA 75
لودين,LODINE 300MG CAPS
لوسك مبس,LOSEC MUPS 10 MG TAB
لوسك مبس,LOSEC MUPS 20MG TAB
ليكسوتانيل,LEXOTANIL TAB. 1.5 MG.
ليكسوتونيل,LEXOTANIL TAB. 3MG.
ليكوستينيل,LEXOTANIL TAB. 6 MG.
لوسك,LOSEC 40MG-10ML I-V VIAL
لاريام,LARIAM 250MG TAB
ليسكول,LESCOL 40MG CAPS
لاميزيل,LAMISIL 1% CREAM
لاميزيل,LAMISIL ONCE 1% CUTANEOUS SOLUTION
ليسكول اكس ال,LESCOL XL 80 MG FILM COATED TAB
لوسنتس,LUCENTIS 10MG-ML INTRAVITREAL INJECTION
لاميسيل,LAMISIL 250MG TAB
ليبونكس,LEPONEX 100MG TAB
ليبونكس,LEPONEX 25MG TAB
ليوريسال,LIORESAL 10MG TAB
ليورسال اقراص,LIORESAL 25MG TAB
لوبريسور,LOPRESOR DIVI TAB 200 MG
لوبريسور اقراص,LOPRESOR 100MG TAB
لوبريسور 50MG,LOPRESOR 50MG TABS
لوديوميل,LUDIOMIL TAB. 10 MG
لوديوميل اقراص,LUDIOMIL TAB. 25 MG.
ليدوميل,LUDIOMIL TAB. 50 MG
لــوسترال,LUSTRAL 50MG TAB
ليبوستات,LIPOSTAT 10MG TAB
ليبوستات اقراص,LIPOSTAT 20MG TAB
لونزيت,LONZET 15MG CAPSULES
لونزيت,LONZET 30MG CAPSULES
لوتينس,LOTENSE 10MG CAPSULES
ليندوماكس,LENDOMAX 70 MG TABLETS
لوبرا,LOPRA 40MG TABLET
ليثيوفور,LITHIOFOR 660MG TAB
لوبيد,LOPID
لو-ليب,Low-lip
لانوكسين,Lanoxin
لوكويد,Locoid
ليوتون,Lioton
لورانس,Lorans
لورين,Loreen
ليكسيفا,Lexiva
ليماترادا,Lemtrada
ليكلير,Lyclear
ليتايريس,Letairis
ليتاك,Litak
ليندورم,Lendorm
ليكويبيد,Liquibid
ليثوبيد,Lithobid
لونيتين,Loniten
لوفوكس,Luvox
لومينال,Luminal
لودوسين,Lodosyn
ليفاكوين,Levaquin
ليبانور,Lipanor
ليكسوتان,Lexotan
لوتينسين,Lotensin
ليوستاتين,Leustatin
لاميفودين,لاميفودين
لانزوبرازول,لانزوبرازول
لاكتولوز,لاكتولوز
ليفودوبا,ليفودوبا
ليفوثيروكسين,ليفوثيروكسين
لوفاستاتين,لوفاستاتين
لوبيراميد,لوبيراميد
لورازيبام,لورازيبام
لوراتادين,لوراتادين
ليدوكايين,ليدوكايين
ليزينوبريل,ليزينوبريل
ليندان,ليندان
ليسوريد,ليسوريد
ليباز بَنكرياسيّة,ليباز بَنكرياسيّة
ليفوفلوكساسين,ليفوفلوكساسين
لوبينافير/ ريتونافير,لوبينافير/ ريتونافير
لوسارتان,لوسارتان
ليتروزول,ليتروزول
ليركانيديبين,ليركانيديبين
لاموتريجين,لاموتريجين
لاتانوبروسْت,لاتانوبروسْت
لاباتينيب,لاباتينيب
ليفونورجيستريل,ليفونورجيستريل
لقاح المكورات الرئوية,لقاح المكورات الرئوية
لقاح فيروس الورم الحليمي,لقاح فيروس الورم الحليمي
لقاح الروتا,لقاح الروتا
لقاح جدري الماء,لقاح جدري الماء
لينيزوليد,لينيزوليد
ليفوكبستين,ليفوكبستين
ليناليدوميد,ليناليدوميد
لوميفلوكساسين,لوميفلوكساسين
لاكتيتول,لاكتيتول
ليفيتيراسيتام,ليفيتيراسيتام
لودوكساميد,لودوكساميد
لانثانوم,لانثانوم
ليوبروليد,ليوبروليد
لورنوكسيكام,لورنوكسيكام
لينوجراستيم,لينوجراستيم
ليفوميبرومازين,ليفوميبرومازين
لابيتالول,لابيتالول
ميكوسبور,MYCOSPOR SOLUTION 1%
ميكوسبور جل,MYCOSPOR GEL 1%
موديوريتك,MODURETIC 5-50MG TABLETS
مكسين,MYXEN 150MG TABLETS
ميكسين,MYXEN 50MG TABLETS
مالوجيل,MALUGEL CHEWABLE TAB
ميتاجليز,METAGLIZ 10MG-5ML SOLUTION
ميتاغليز,METAGLIZ 10 MG TAB
مالاريكس,MALAREX SYRUP 120MG-5ML
مالاريكس اقراص,MALAREX TABLETS 250mg
مايكوديرم,MYCODERM 2% CREAM
مينيرين بخاخ للانف,MINIRIN NASAL SPRAY 0.1MG-ML
مايكوسات,"MYCOSAT 100,000IU\ML ORAL SUSP"
ماكسيل,MAXIL 1500 VIAL
ماكسيل,MAXIL 750 VIAL
مياسين,MIACIN 100MG-2ML AMP
مياسين امبولة,MIACIN 500MG-2ML AMP
مولتسين ز,MULTICIN-Z POWDER
ملتيسين زد,MULTICIN-Z OINTMENT
ملتيسول,MULTISOL AEROSOL SPRAY (150 GM )
مينيرين,MINIRIN 0.1MG TAB
منيرين,MINIRIN 0.2MG TAB
ماجالوكس,MAGALOX CHEWABLE TAB
مينيرين ميلت,MINIRIN MILT 120 MCG LYOPHILIZED TABLET
منيرين ميلت,MINIRIN MILT 60 MCG LYOPHILIZED TABLET
مينيمس فينيلفرين,MINIMS PHENYLEPHRINE 2.5% W-V
مينيمس,MINIMS PHENYLEPHRINE HCL 10%
مينيمس,MINIMS PILOCARPINE 2%
مينيمس,MINIMS TROPICAMIDE 0.5% EYE DROPS
مينيمس تروبيكامايد,MINIMS TROPICAMIDE 1% W-V
مورين,MURINE EYE DROPS
محرر الدموع الطبيعي,TEARS NATURAL FREE
ميدفرين,MYDFRIN 2.5% DROPS
ماكسيديكس,MAXIDEX DROPS 0.1%
ميدرياسيل,MYDRIACYL 1% EYE DROPS
ماكسترول,MAXITROL EYE OINT.
ميكرولوت,MICROLUT 0.03MG-TAB COATED TAB.
مايسولين,MYSOLINE SYRUP
ميلبين,MELBIN 250MG TAB
ميكوكورت,MICOCORT CREAM
ميثوتريكسيت ايبوي,METHOTREXATE "EBEWE 10MG-ML AMP
ميثوتريكسيت,METHOTREXATE "EBEWE" 100MG-ML VIAL
ميثوتركسات,METHOTREXATE "EBEWE" 10MG-ML VIAL
ميجون,MIGON 10MG TAB
ميجون اقراص,MIGON 5 MG TAB
موميديرم,MOMIDERM CREAM 30G
مومديرم,MOMIDERM OINTMENT 30 G
مرهم باكتروبان,BACTROBAN NASAL OINTMENT 2%
موكسال بلس اقراص,MOXAL PLUS Tablet
موكسال,MOXAL SUSP SACHET
موكسال بلس,MOXAL PLUS Suspension
ميوكولايت,MUCOLYTE SYRUP
موكسال اقراص,MOXAL Tablet
ميكوستات,MIKOSTAT 100000U CREAM
مالارون,MALARONE
ميكوستات,MIKOSTAT 100000 U OINTMENT
ميكوستات,MIKOSTAT 100000U\ML ORAL SUSP
ميكاسين حقن,MIKACIN 100MG-2ML INJ.
ميكاسين,MIKACIN 500MG-2 ML AMP
ميثاسين كبسولات,METHACIN CAPS. 25MG
ميثاسين,METHACIN SUPP. 100 MG
مونوزايد,MONOZIDE 12.5MG TAB
مونوزايد,MONOZIDE 25MG TAB
ميرينا,MIRENA 52MG T-SHAPED IUD
مالوكس,MAALOX PLUS SUSP.
مالوكس,MAALOX SUSPENSION
ميتفورمين,METFORMIN HEXAL 1000 MG FILM COATED TABLETS
ميغيون,MEGION 0.5GM I.V INJECTION
موكوفري,MUCOFREE 4MG-5ML SYRUP
ميسبورين,MESPORIN 1000 I.M.
ميدرول,MEDROL TAB 4 MG
ميراجيل,MIRAGEL 2% ORAL GEL
ميفا,MEVA 135MG F.C.TABLET
ماكسيم,MAXIM 400MG FILM COATED TABLETS
موكوجيل,MUCOGEL
ميداسيد,MEDACID CHEWABLE TABLET
ميدافين,MEDAFEN 100MG-5ML SUSPENSION
ميدستين,MEDSTEN 1% CREAM
ميفاكوين,MEPHAQUIN LACTAB
مرهم افوبان,AVOBAN 2% W-W OINTMENT
ميجرابان,MIGRABAN 100MG FILM COATED TABLETS
ميجرابان,MIGRABAN 50MG FILM COATED TABLETS
ميرزاجن,MIRZAGEN
ميباجين,MEBAGEN
ميكوستاتين,MYCOSTATIN 100000 UNITS-ML ORAL SUSP
ميكستارد,"MIXTARD 10 NOVO LET ,100 IU"
ميكستارد 20,"MIXTARD 20 NOVO LET , 100IU"
ميكستارد,MIXTARD 30 NOVOLET 100I.U.
ميكستارد 40,"MIXTARD 40 NOVO LET ,100IU"
ميكستارد 50,MIXTARD 50 HM NOVOLET
ميكستارد 30,MIXTARD 30 HM 100 IU VIAL
ميكستارد,MIXTARD 10-90U-ML HM PENFILL CARTRIG 3ML
ميكستارد,MIXTARD 20 PENFILL 100 IU-ML CARTRIDGE
ميكستارد,MIXTARD 30 HM 100 IU PENFILL
ميكستارد,MIXTARD 50 HM PENFILL100IU-ML3mlcartridg
ميكستارد,MIXTARD 40-60U-ML HM PENFILL CARTRGE 3ML
مارفيلون,MARVELON TAB
ميمبارا,MIMPARA 30MG F.C. TABLETS
ممبارا,MIMPARA 60MG F.C. TABLETS
ميمبارا اقراص,MIMPARA 90MG F.C. TABLETS
مينوسين,MINOCIN 100MG PELLET FILLED CAPS
مينوسين,MINOCIN 50MG PELLET FILLED CAPS
مينيس,MINESSE FILM COATED TABLETS
ميدرول,MEDROL TAB 4 MG
ماجناسيف,MAGNACEF 200MG CAP.
ميتوتركسات,METHOTREXATE ROGER BELLON 5MG V.
مادوبار,MADOPAR 125MG HBS CAPS
مابثيرا,MABTHERA 10MG-1ML CONC. FOR I.V INFUSION
مادوبار,MADOPAR 250 MG CAPS
مادوبار,MADOPAR 250 MG TABS
ميجون ميلت,MIGON MELT 10MG WAFER
مايفورتك,MYFORTIC 360 MG E.C.TABLET
ماي فورتك,MYFORTIC 180MG E.C.TABLET
ميثرجين,METHERGINE 0.2MG-ML AMPULES
مياكالسيك 100,MIACALCIC 100 IU-ML AMP
ميكالسيك,MIACALCIC AMP 50 IU-ML
مياكالسيك,MIACALCIC 200IU NASAL SPRAY
ميترجين,METHERGINE 0.125 MG TABLETS
ميتاز,METAZ CREAM 0.1%
ميركيرا,MIRCERA 100MCG-0.3ML SOLN. FOR INJ
ميركيرا حقن,MIRCERA 150MCG-0.3ML SOLN. FOR INJ
ميركيرا 50MCG,MIRCERA 50MCG-0.3ML SOLN. FOR INJ
موداليم,MODALIM 100MG TAB
مونورول,MONUROL 3G SACHETS
موفيتاب,MOFETAB
مينيدياب,Minidiab
موتيليوم,Motilium
موتيلات,Motilat
ميستينون,Mestinon
مينيبرس,Minipress
ميلاريل,Mellaril
ميفجين,mifegyne
ميريديا,Meridia
ميكوبوتين,Mycobutin
ميلوتارج,Mylotarg
مولتاك,Multaq
ميغاس,Megace
موفيكترو,Movectro
ميكروناس,Micronase
ميكانول,Micanol
ميكروزيد,Microzide
ميفاكور,Mevacor
ميثايلين,Methylin
ميتاديت,Metadate
ماكرودانتين,Macrodantin
ماكروبيد,Macrobid
مونوبريل,Monopril
ميتيكورتين,Meticorten
موريو,Moureau
ماكسالت,Maxalt
ميزولين,Mizolen
ماكساكوين,Maxaquin
ميترول,Metrol
مانديلامن,Mandelamine
ميلوسيل,Mylocel
ميكروكس,Mykrox
ميثادوز,Methadose
ميرابيكس,Mirapex
ميجروتان,MIGORTAN 40MG TABLET
مُنَشِّّط البلازمينوجين النَّسيجي,مُنَشِّّط البلازمينوجين النَّسيجي
مالاثيون,مالاثيون
مابروتيلين,مابروتيلين
ميبفرين,ميبفرين
ميبهيدرولين,ميبهيدرولين
ميبيندازول,ميبيندازول
ميدروكسي بروجسترون,ميدروكسي بروجسترون
مورفين,مورفين
ميتوبرولول,ميتوبرولول
ميتوكلوبراميد,ميتوكلوبراميد
ميتفورمين,ميتفورمين
مترونيدازول,مترونيدازول
مينوسكلين,مينوسكلين
مينوكسيديل,مينوكسيديل
ميسوبروستول,ميسوبروستول
ميكونازول,ميكونازول
ميسالامين,ميسالامين
مِفْلوكوين,مِفْلوكوين
مثيلدوبا,مثيلدوبا
مثيلفِنيدات,مثيلفِنيدات
ميثيل بريدنيزولون,ميثيل بريدنيزولون
ميكوفينوليت,ميكوفينوليت
ميرتازابين,ميرتازابين
مونتيلوكاست,مونتيلوكاست
ميركابتوبيورين,ميركابتوبيورين
ميزولاستين,ميزولاستين
موميتازون,موميتازون
ميثوتريكْسات,ميثوتريكْسات
ميمانْتين,ميمانْتين
مِيثازولامِيد,مِيثازولامِيد
ميوبيروسين,ميوبيروسين
مَيَانْسيرِين,مَيَانْسيرِين
ميثيمازول,ميثيمازول
مودافينيل,مودافينيل
مستيرولون,مستيرولون
ميلناسيبْران,ميلناسيبْران
ميثيل إرجومترين,ميثيل إرجومترين
ميدودرين,ميدودرين
مارافيروك,مارافيروك
ميتولازون,ميتولازون
موكسيفلوكساسين,موكسيفلوكساسين
ميثادون,ميثادون
ميتوميسين,ميتوميسين
ميجيستيرول,ميجيستيرول
نومال,NOMAL 50 MG CAPSULE
نكسافار,NEXAVAR 200 MG F-C TABLETS
نيموتوب,NIMOTOP 10MG-50ML INFUSION BOTTLE
نيموتوب,NIMOTOP 30MG TAB
نوروكسين,NOROXIN 400MG TABLETS
نيدازول,NIDAZOLE 250MG. F-C TAB
نيو بريد,NEOPRED - P EYE SUSP
نوفاجل,NOVAGEL PLUS SUSPENSION
نوفاجيل,NOVAGEL SUSPENSION
نوهيست,NOHIST 10MG TAB
ناكسون,NAXONE 0.02MG-ML INJ 2ML
ناكسون,NAXONE 0.4MG-ML INJ
نيوميسين,NEOMYCIN NASAL SPRAY
نافكون,NAPHCON FORTE 0.1% EYE DROPS
نورفير,NORVIR 80MG-ML ORAL SOLN
نبيدو,NEBIDO 1000 MG- 4 ML SOLUTION FOR INJ
نيف-تن,NIF-TEN CAPS
نيوفيلين,NEOPHYLLIN TAB 100MG
نارابريل,NARAPRIL 10MG TABLET
نارابريل اقراص,NARAPRIL 20MG TABLET
نارابرل,NARAPRIL 5MG TABLET
نورتريم,NORTRIME SUSP (200+40MG-5ML)
نورتريلين,NORTRILEN TAB. 25 MG.
نوراسين,NORACIN 400MG TAB
نوراكتون,NORACTONE TAB 25MG
نورتريم اقراص,NORTRIME TAB
نالوكسون,NALOXONE HCL 400MCG-ML AMP
نيريزون,NERISONE 0.1% OINTMENT
نوفيرال,NOVIRAL 5% CREAM
نيكوتينيل,NICOTINELL TTS-10
نيكوتينيل,NICOTINELL TTS-20
نكوتينيل,NICOTINELL TTS-30
نيزورال,NIZORAL 200MG TAB
نورموتين,NORMOTEN 100 MG F.C TAB
نورموتين اقراص,NORMOTEN 50 MG F.C. TAB
نو يوريك,NO-URIC TAB 100MG
نو-يوريك اقراص,NO-URIC TAB 300MG
نازوفين,NAZOPHEN NASAL DROPS
نازولين,NAZOLIN NASAL DROPS
نيوكوليد,NEOCOLD SYRUP
نيوتيرب,NEOTERB 1.5MG-5ML ORAL SYRUP
نوفاسين,NOVASEN 325MG E.C TAB
نوفو- بيروكام,NOVO-PIROCAM 10MG CAPS
نوفو-نيفيدين,NOVO-NIFEDIN 10MG CAPS.
نوفو - اتينولول,NOVO-ATENOL 100MG TAB
نوفو - اتينول,NOVO-ATENOL 50MG TAB
نوفو-كابتوريل,NOVO-CAPTORIL 12.5MG TAB
نوفو كابتوريل,NOVO-CAPTORIL 50MG TAB
نوفورابيد,NOVORAPID PEN FILL 100 I.U - ML
نوفومكس,NOVOMIX 30 FLEXPEN 100U\ML
نوفومكس,NOVOMIX 30 PEN FILL
نوفورابيد,NOVORAPID FLEXPEN 100U\ML
نوفونورم,NOVONORM 0.5MG TABLET
نوفونورم,NOVONORM 1MG TABLET
نوفونورم,NOVONORM 2MG TABLET
نوفارينج,NUVARING VAGINAL RING
نيورونتين,NEURONTIN
نافيلبين,NAVELBINE 10MG-ML I-V VIAL
نورفين,NUROFEN 200MG TAB
نوروفين,نوروفين
نيبسين,NEBCIN 20MG-2ML VIAL
نيباسين,NEBCIN 80MG-2ML VIAL
نيوتيجاسون,NEOTIGASON 10MG CAPS
نيوتجسون,NEOTIGASON 25MG CAPS
نيولاستيم,NEULASTIM 6MG-0.6ML PRE-FILLED SYRINGE
نيوبوجين 30,NEUPOGEN 30 MU
نيوبوجين,NEUPOGEN 48 MU
نيكوتينيل,NICOTINELL 1MG LOZENGES
نازكس,NAZIX NASAL SPRAY 0.1% W-V
نيورين,NEORIN 5MG F.C. TABLET
نيورين,NEORIN 2.5MG -5ML SYRUP
نيوروبلكس,NEUROPLEX 300MG CAPSULES
ناتريلكس,NATRILLIX 1.5 MG S.R TAB
نيكويتين,NIQUITIN 2MG MINT LOZENGE
نيكويتين,NIQUITIN 4MG MINT LOZENGE
نورفلكس,Norflex
نورباس,Norpace
نورديتروبين,Norditropin
نجرام,Negram
نولفاديكس,Nolvadex
نيورازين,Neurazine
نيمالوكس,nimalox
نيبتازان,Neptazane
نارديل,Nardil
نوكسافيل,Noxafil
نيكسيوم,Nexium
نوربرامين,Norpramin
نوزينان,Nozinan
نورجيسيك,Norgesic
نوتروبين,Nutropin
نوفاريل,Novarel
ناميندا,Namenda
نورثيكس,Northyx
نيولاستا,Neulasta
نيوسار,Neosar
ناركان,Narcan
نيكلوسيد,Niclocide
نورمودين,Normodyne
نياكور,Niacor
ناليديكسيك أسيد,Nalidixic Acid
نيومايسين,Neomycin
نافازولين,Naphazoline
نيدوكروميل الصوديوم,Nedocromil Sodium
نورْفلوكْساسين,Norfloxacin
نيترازيبام,Nitrazepam
نيتروفيورانتوين,Nitrofurantoin
نيموديبين,Nimodipine
نيستاتين,Nystatin
نيفيديبين,Nifedipine
نيميسوليد,Nimesulide
نفازودون,Nefazodone
نيفيرابين,Nevirapine
ناراتريبتان,Naratriptan
نورتريبتيلين,Nortriptyline
نابوميتون,Nabumetone
نالتركسون,Naltrexone
نوريثيستيرون,Norethisterone
نافاريلين,Nafarelin
ناتاليزوماب,Natalizumab
نونوكسنول 9,Nonoxynol-9
نالوكسون,Naloxone
نيلارابين,Nelarabine
نيلوتينيب,Nilotinib
نيكلوزاميد,Niclosamide
نياسين,Niacin
هيكسيدين,HEXIDINE SOLN 1%V-V MOUTH WASH
هايدروجيل,HYDROGEL SUSPENSION
هيوميرا,HUMIRA 40MG-0.8ML PRE- FILLED SYRINGE
هيباتين,HIBITANE OBESTET. CREAM 1%
هيبيسكرب,HIBISCRUB SOLUTION 4% W-V
هيبيتان,HIBITANE LOZENGES
هيزار,HYZAAR
هيالجان,HYALGAN 20MG-2ML PRE-FILLED SYRINGE
هيستالوك,HISTALOC 10MG F.C TAB
هستالوك اقراص,HISTALOC 25MG F.C. TABLETS
هستالوك,HISTALOC 5MG-5ML SYRUP
هولوبون,HOLOPON TAB 1MG
هيستوفين,HISTOFEN
هيستارين,HISTARHINE SYRUP
هومولوغ,HUMALOG 100 I.U VIALS
هومولين,HUMULIN PROFILE80-20100IU-ML CARTRIDGE
هومولين,HUMULIN-R 100U-ML CARTRIDGE
هيومولين,HUMULIN 70-30 100U-ML
هيومولين,HUMULIN U ULTRALENTE VIAL
هومولين,HUMULIN-L LENTE 100 U-ML
هومالوج,HUMULIN-N-NPH 100 U-ML
هومولوغ,HUMALOG MIX 25 CATRIDGE
هومولوغ ميكس,HUMALOG MIX 50 CATRIDGE
هيرسبتين,HERCEPTIN 150MG VIAL
هومولين,HUMULIN PROFILE70-30 100IU-ML CARTRIDGE
هيومولين,HUMULIN-R-REGULAR 100 U-ML
هيوميولين,HUMULIN NPH100U-ML CARTRIDGE
هيبسيرا,HEPSERA 10MG TABLET
هيجروتون,HYGROTON 50MG TABLETS
هاستوب,HISTOP 2MG-5ML SYRUP
هيستوب,HISTOP TAB 4MG
هيستافيد,HISTAFED SYRUP
هارنال,HARNAL 0.4MG MODIFIED RELEASE CAPSULES
هيكامتين,HYCAMTIN 4MG I.V. VIAL
هيستانت,HISTANT SYRUP
هيستانت اقراص,HISTANT 4 MG TABLETS
هيستازين,HISTAZIN 5MG\5ML SYRUP
هيلو كير,HYLO-CARE EYE DROPS
هومالوغ,HUMALOG KWIK-PEN MIX 25
هومولوغ,HUMALOG KWIK-PEN MIX 50
هيدروديرم,HYDRODERM CREAM PLUS
هالدول,Haldol
هوميجون,Humegon
هيبوفيس,Hypovase
هيبريكس,Hiprex
هيدريا,Hydrea
هيسمانال,Hismanal
هيوماتروب,Humatrope
هوريزانت,Horizant
هيترين,Hytrin
هايبوتن حبوب,Hypoten
هيدروكسيد الألومينيوم,Aluminum Hydroxide
هالوبيريدول,Haloperidol
هرمون HCG,HCG Hormone
هرمون HMG,HMG Hormone
هيدرالازين,Hydralazine
هيدروكلوروثيازيد,Hydrochlorothiazide
هيدروكورتيزون,Hydrocortisone
هيدروكسيزين,Hydroxyzine
هيدرات الكلورال,Chloral Hydrate
هيدروكسيد المغنيسيوم,Magnesium Hydroxide
هيدروكينون,Hydroquinone
هيبرِكوم,Hypericum
هيدروكسي كلوروكوين,Hydroxychloroquine
هيبورات الميثينامين,Methenamine Hippurate
هيدروكسي يوريا,Hydroxyurea
هيبروميلوز,Hypromellose
ويلبوترين,WELLBUTRIN XL 150 EXTENDED RELEASE F.C.TABLET
ويلبيوترين,WELLBUTRIN XL 300 EXTENDED RELEASE F.C.TABLET
وان الفا,ONE-ALPHA CAPS 1.0 MICROGM.
ون الفا كبسولات,ONE-ALPHA CAPS 0.25 MICROGM
ون الفا,ONE-ALPHA 2MCG-ML AMP.
واحد الفا,ONE-ALPHA DROPS 2MICROGRAM-ML
وينكس,WINEX 400MG CAP
ورمازول,WORMAZOLE CHEWABLE 100MG TAB
ورمازول,WORMAZOL SUSP 2%
وارتيك,WARTEC 0.15% W-W CREAM
ويسوربيد,WESORBIDE 5MG S-L TAB
ويسوربد,WESORBIDE 2.5MG SUBLINGUAL TAB
ويسوربيد اقراص,WESORBIDE 10MG TAB
ويسوربيد 20MG,WESORBIDE 20MG TAB
واتين,WATENE 0.1% GEL
ويجيسيك,Wygesic
ويسترم,Westrim
وارفارين,Warfarin
يو-سيف,U-CEF 250MG F.C. TABLETS
يو-سيف,U-CEF 500MG F.C. TABLETS
يوريسبت,URISEPT 100MG TABS
ياسمين,YASMIN TAB.
يوفيلين,EUPHYLLINE RTD.MITE C.TAB 175MG
يوفيلين,EUPHYLLIN AMP 0.24GM-10ML I.V
يروكسين,UROXIN 400MG TAB
يوسيدين,UCIDIN 2% GEL
يودينا,EUDYNA GEL 0.05%
يوليكسين,EULEXIN TAB 250MG
يوثيروكس,EUTHYROX
يوراكس,EURAX LOTION 10%
يوتوبار,YUTOPAR 50MG-5ML I.V. AMPOULE
يروكواد,UROQUAD TABS 100 MG
يروكواد اقراص,UROQUAD TABS 300 MG
يورتاب,URITAB XL 10MG EXTENDED RELEASE TABLETS
يوفامين ريتارد,Uvamin Retard
يوجلوكون,Euglucon
يوروكساترال,Uroxatral
يوروفان,Eurovan
يوريكس,Urex
يوبريما,Uprima
يونيسوم,Unisom
يوهمبين,Yohimbine
